timestamp, clocks.current.sm [MHz], clocks.current.memory [MHz], temperature.gpu, power.draw [W], pstate, clocks_event_reasons.active
2026/10/01 11:50:47.279, 1620 MHz, 7001 MHz, 58, 12.02 W, P3, 0x0000000000000024
2026/10/01 11:50:48.283, 1620 MHz, 7001 MHz, 58, 11.85 W, P3, 0x0000000000000024
2026/10/01 11:50:49.283, 1695 MHz, 8001 MHz, 59, 14.93 W, P0, 0x0000000000000001
2026/10/01 11:50:50.283, 2085 MHz, 8001 MHz, 61, 38.75 W, P0, 0x0000000000000004
2026/10/01 11:50:51.284, 2055 MHz, 8001 MHz, 62, 39.98 W, P0, 0x0000000000000004
2026/10/01 11:50:52.284, 2055 MHz, 8001 MHz, 62, 39.99 W, P0, 0x0000000000000004
2026/10/01 11:50:53.284, 2040 MHz, 8001 MHz, 62, 39.99 W, P0, 0x0000000000000004
2026/10/01 11:50:54.284, 2025 MHz, 8001 MHz, 63, 40.00 W, P0, 0x0000000000000004
2026/10/01 11:50:55.284, 2010 MHz, 8001 MHz, 63, 39.98 W, P0, 0x0000000000000004
2026/10/01 11:50:56.286, 2025 MHz, 8001 MHz, 63, 39.95 W, P0, 0x0000000000000004
2026/10/01 11:50:57.287, 2025 MHz, 8001 MHz, 63, 39.96 W, P0, 0x0000000000000004
2026/10/01 11:50:58.287, 2070 MHz, 8001 MHz, 63, 39.86 W, P0, 0x0000000000000004
2026/10/01 11:50:59.287, 2055 MHz, 8001 MHz, 64, 40.00 W, P0, 0x0000000000000004
2026/10/01 11:51:00.287, 2040 MHz, 8001 MHz, 64, 39.95 W, P0, 0x0000000000000004
2026/10/01 11:51:01.287, 2025 MHz, 8001 MHz, 64, 39.99 W, P0, 0x0000000000000004
2026/10/01 11:51:02.288, 2085 MHz, 8001 MHz, 64, 39.39 W, P0, 0x0000000000000000
2026/10/01 11:51:03.289, 2025 MHz, 8001 MHz, 64, 39.83 W, P0, 0x0000000000000004
2026/10/01 11:51:04.289, 2025 MHz, 8001 MHz, 64, 39.97 W, P0, 0x0000000000000004
2026/10/01 11:51:05.289, 2070 MHz, 8001 MHz, 64, 39.91 W, P0, 0x0000000000000004
2026/10/01 11:51:06.289, 2040 MHz, 8001 MHz, 64, 39.97 W, P0, 0x0000000000000004
2026/10/01 11:51:07.290, 2040 MHz, 8001 MHz, 64, 39.99 W, P0, 0x0000000000000004
2026/10/01 11:51:08.290, 2085 MHz, 8001 MHz, 64, 39.92 W, P0, 0x0000000000000004
2026/10/01 11:51:09.290, 2085 MHz, 8001 MHz, 65, 39.81 W, P0, 0x0000000000000000
2026/10/01 11:51:10.290, 2085 MHz, 8001 MHz, 65, 39.78 W, P0, 0x0000000000000000
2026/10/01 11:51:11.291, 2085 MHz, 8001 MHz, 65, 39.38 W, P0, 0x0000000000000000
2026/10/01 11:51:12.291, 2085 MHz, 8001 MHz, 65, 39.53 W, P0, 0x0000000000000000
2026/10/01 11:51:13.291, 2085 MHz, 8001 MHz, 65, 39.56 W, P0, 0x0000000000000000
2026/10/01 11:51:14.292, 2085 MHz, 8001 MHz, 65, 39.82 W, P0, 0x0000000000000000
2026/10/01 11:51:15.292, 2085 MHz, 8001 MHz, 65, 39.79 W, P0, 0x0000000000000000
2026/10/01 11:51:16.292, 2085 MHz, 8001 MHz, 65, 39.25 W, P0, 0x0000000000000000
2026/10/01 11:51:17.292, 2085 MHz, 8001 MHz, 65, 38.88 W, P0, 0x0000000000000000
2026/10/01 11:51:18.293, 2085 MHz, 8001 MHz, 65, 39.11 W, P0, 0x0000000000000000
2026/10/01 11:51:19.293, 1920 MHz, 8001 MHz, 65, 39.99 W, P0, 0x0000000000000004
2026/10/01 11:51:20.293, 1935 MHz, 8001 MHz, 65, 39.92 W, P0, 0x0000000000000004
2026/10/01 11:51:21.293, 2085 MHz, 8001 MHz, 65, 38.12 W, P0, 0x0000000000000000
2026/10/01 11:51:22.294, 2040 MHz, 8001 MHz, 66, 39.18 W, P0, 0x0000000000000004
2026/10/01 11:51:23.294, 2085 MHz, 8001 MHz, 65, 40.04 W, P0, 0x0000000000000004
2026/10/01 11:51:24.294, 2010 MHz, 8001 MHz, 66, 40.03 W, P0, 0x0000000000000004
2026/10/01 11:51:25.294, 2085 MHz, 8001 MHz, 65, 39.39 W, P0, 0x0000000000000000
2026/10/01 11:51:26.294, 2025 MHz, 8001 MHz, 66, 37.26 W, P0, 0x0000000000000004
2026/10/01 11:51:27.295, 1935 MHz, 8001 MHz, 66, 40.17 W, P0, 0x0000000000000004
2026/10/01 11:51:28.295, 1905 MHz, 8001 MHz, 66, 39.98 W, P0, 0x0000000000000004
2026/10/01 11:51:29.295, 1935 MHz, 8001 MHz, 66, 39.96 W, P0, 0x0000000000000004
2026/10/01 11:51:30.296, 2085 MHz, 8001 MHz, 66, 38.46 W, P0, 0x0000000000000000
2026/10/01 11:51:31.296, 1965 MHz, 8001 MHz, 66, 38.40 W, P0, 0x0000000000000004
2026/10/01 11:51:32.296, 1905 MHz, 8001 MHz, 66, 39.95 W, P0, 0x0000000000000004
2026/10/01 11:51:33.296, 1845 MHz, 8001 MHz, 66, 40.06 W, P0, 0x0000000000000004
2026/10/01 11:51:34.297, 1860 MHz, 8001 MHz, 66, 39.95 W, P0, 0x0000000000000004
2026/10/01 11:51:35.297, 2085 MHz, 8001 MHz, 66, 37.71 W, P0, 0x0000000000000000
2026/10/01 11:51:36.297, 1650 MHz, 8001 MHz, 66, 38.51 W, P0, 0x0000000000000004
2026/10/01 11:51:37.297, 2085 MHz, 7001 MHz, 66, 37.46 W, P3, 0x0000000000000000
2026/10/01 11:51:38.298, 1830 MHz, 8001 MHz, 66, 39.14 W, P0, 0x0000000000000004
2026/10/01 11:51:39.298, 1830 MHz, 8001 MHz, 66, 39.98 W, P0, 0x0000000000000004
2026/10/01 11:51:40.298, 1800 MHz, 8001 MHz, 66, 40.01 W, P0, 0x0000000000000004
2026/10/01 11:51:41.298, 1650 MHz, 8001 MHz, 66, 37.05 W, P0, 0x0000000000000004
2026/10/01 11:51:42.299, 1710 MHz, 8001 MHz, 67, 39.41 W, P0, 0x0000000000000004
2026/10/01 11:51:43.299, 2085 MHz, 7001 MHz, 67, 39.49 W, P3, 0x0000000000000000
2026/10/01 11:51:44.299, 2010 MHz, 7001 MHz, 67, 39.63 W, P3, 0x0000000000000004
2026/10/01 11:51:45.299, 1725 MHz, 8001 MHz, 67, 39.01 W, P0, 0x0000000000000004
2026/10/01 11:51:46.299, 2085 MHz, 8001 MHz, 66, 37.22 W, P0, 0x0000000000000000
2026/10/01 11:51:47.300, 1875 MHz, 7001 MHz, 68, 38.35 W, P3, 0x0000000000000004
2026/10/01 11:51:48.300, 1890 MHz, 7001 MHz, 68, 40.01 W, P3, 0x0000000000000004
2026/10/01 11:51:49.300, 2055 MHz, 7001 MHz, 68, 39.92 W, P3, 0x0000000000000004
2026/10/01 11:51:50.300, 2085 MHz, 8001 MHz, 66, 30.84 W, P0, 0x0000000000000000
2026/10/01 11:51:51.301, 1650 MHz, 7001 MHz, 68, 39.25 W, P3, 0x0000000000000004
2026/10/01 11:51:52.301, 1740 MHz, 7001 MHz, 67, 39.93 W, P3, 0x0000000000000004
2026/10/01 11:51:53.301, 2085 MHz, 8001 MHz, 66, 28.70 W, P0, 0x0000000000000000
2026/10/01 11:51:54.301, 1290 MHz, 8001 MHz, 67, 30.79 W, P0, 0x0000000000000004
2026/10/01 11:51:55.301, 1635 MHz, 7001 MHz, 68, 40.13 W, P3, 0x0000000000000004
2026/10/01 11:51:56.302, 2085 MHz, 8001 MHz, 65, 30.16 W, P0, 0x0000000000000000
2026/10/01 11:51:57.302, 2085 MHz, 8001 MHz, 65, 26.12 W, P0, 0x0000000000000000
2026/10/01 11:51:58.302, 2085 MHz, 8001 MHz, 65, 26.00 W, P0, 0x0000000000000004
2026/10/01 11:51:59.302, 1635 MHz, 7001 MHz, 68, 35.54 W, P3, 0x0000000000000004
2026/10/01 11:52:00.302, 2085 MHz, 7001 MHz, 66, 34.45 W, P3, 0x0000000000000000
2026/10/01 11:52:01.303, 2055 MHz, 8001 MHz, 67, 37.69 W, P0, 0x0000000000000004
2026/10/01 11:52:02.303, 2055 MHz, 8001 MHz, 67, 40.05 W, P0, 0x0000000000000004
2026/10/01 11:52:03.303, 2085 MHz, 8001 MHz, 67, 39.86 W, P0, 0x0000000000000004
2026/10/01 11:52:04.303, 2070 MHz, 8001 MHz, 67, 39.97 W, P0, 0x0000000000000004
2026/10/01 11:52:05.304, 2055 MHz, 8001 MHz, 67, 40.00 W, P0, 0x0000000000000004
2026/10/01 11:52:06.304, 2085 MHz, 8001 MHz, 67, 39.94 W, P0, 0x0000000000000004
2026/10/01 11:52:07.304, 2070 MHz, 8001 MHz, 67, 39.91 W, P0, 0x0000000000000004
2026/10/01 11:52:08.304, 2085 MHz, 8001 MHz, 67, 39.78 W, P0, 0x0000000000000000
2026/10/01 11:52:09.305, 2085 MHz, 8001 MHz, 67, 38.63 W, P0, 0x0000000000000000
2026/10/01 11:52:10.305, 2085 MHz, 8001 MHz, 67, 39.76 W, P0, 0x0000000000000000
2026/10/01 11:52:11.305, 2070 MHz, 8001 MHz, 67, 39.92 W, P0, 0x0000000000000004
2026/10/01 11:52:12.306, 2085 MHz, 8001 MHz, 67, 39.12 W, P0, 0x0000000000000004
2026/10/01 11:52:13.306, 2040 MHz, 8001 MHz, 67, 40.04 W, P0, 0x0000000000000004
2026/10/01 11:52:14.306, 1830 MHz, 8001 MHz, 67, 40.04 W, P0, 0x0000000000000004
2026/10/01 11:52:15.307, 1890 MHz, 8001 MHz, 67, 39.97 W, P0, 0x0000000000000004
2026/10/01 11:52:16.307, 1680 MHz, 8001 MHz, 67, 39.97 W, P0, 0x0000000000000004
2026/10/01 11:52:17.307, 1755 MHz, 8001 MHz, 67, 39.93 W, P0, 0x0000000000000004
2026/10/01 11:52:18.309, 1635 MHz, 8001 MHz, 67, 38.94 W, P0, 0x0000000000000004
2026/10/01 11:52:19.309, 1650 MHz, 8001 MHz, 67, 40.09 W, P0, 0x0000000000000004
2026/10/01 11:52:20.309, 1455 MHz, 8001 MHz, 67, 40.07 W, P0, 0x0000000000000004
2026/10/01 11:52:21.310, 2085 MHz, 8001 MHz, 67, 39.42 W, P0, 0x0000000000000004
2026/10/01 11:52:22.310, 2070 MHz, 8001 MHz, 68, 39.97 W, P0, 0x0000000000000004
2026/10/01 11:52:23.310, 2010 MHz, 8001 MHz, 68, 40.00 W, P0, 0x0000000000000004
2026/10/01 11:52:24.311, 2010 MHz, 8001 MHz, 68, 39.99 W, P0, 0x0000000000000004
2026/10/01 11:52:25.311, 1965 MHz, 8001 MHz, 68, 40.03 W, P0, 0x0000000000000004
2026/10/01 11:52:26.312, 1995 MHz, 8001 MHz, 68, 39.97 W, P0, 0x0000000000000004
2026/10/01 11:52:27.312, 1920 MHz, 8001 MHz, 68, 39.94 W, P0, 0x0000000000000004
2026/10/01 11:52:28.312, 1830 MHz, 8001 MHz, 69, 39.95 W, P0, 0x0000000000000004
2026/10/01 11:52:29.313, 1845 MHz, 8001 MHz, 69, 39.92 W, P0, 0x0000000000000004
2026/10/01 11:52:30.313, 1815 MHz, 8001 MHz, 69, 39.96 W, P0, 0x0000000000000004
2026/10/01 11:52:31.313, 1695 MHz, 8001 MHz, 70, 40.23 W, P0, 0x0000000000000004
2026/10/01 11:52:32.313, 1905 MHz, 7001 MHz, 71, 40.07 W, P3, 0x0000000000000004
2026/10/01 11:52:33.314, 1860 MHz, 7001 MHz, 71, 39.91 W, P3, 0x0000000000000004
2026/10/01 11:52:34.314, 1590 MHz, 7001 MHz, 70, 40.04 W, P3, 0x0000000000000004
2026/10/01 11:52:35.314, 1785 MHz, 7001 MHz, 72, 36.90 W, P3, 0x0000000000000004
2026/10/01 11:52:36.315, 1740 MHz, 7001 MHz, 72, 40.10 W, P3, 0x0000000000000004
2026/10/01 11:52:37.315, 1875 MHz, 7001 MHz, 70, 33.36 W, P3, 0x0000000000000004
2026/10/01 11:52:38.315, 1830 MHz, 5501 MHz, 72, 39.85 W, P4, 0x0000000000000004
2026/10/01 11:52:39.315, 1770 MHz, 5501 MHz, 72, 39.82 W, P4, 0x0000000000000004
2026/10/01 11:52:40.316, 1560 MHz, 5501 MHz, 70, 32.77 W, P4, 0x0000000000000004
2026/10/01 11:52:41.316, 1500 MHz, 5501 MHz, 71, 39.76 W, P4, 0x0000000000000004
2026/10/01 11:52:42.316, 1425 MHz, 5501 MHz, 71, 39.73 W, P4, 0x0000000000000004
2026/10/01 11:52:43.316, 1650 MHz, 5501 MHz, 71, 39.94 W, P4, 0x0000000000000004
2026/10/01 11:52:44.317, 1605 MHz, 5501 MHz, 71, 39.88 W, P4, 0x0000000000000004
2026/10/01 11:52:45.318, 1635 MHz, 5501 MHz, 71, 39.85 W, P4, 0x0000000000000004
2026/10/01 11:52:46.318, 1335 MHz, 5501 MHz, 72, 40.49 W, P4, 0x0000000000000004
2026/10/01 11:52:47.318, 1830 MHz, 7001 MHz, 66, 23.42 W, P3, 0x0000000000000001
2026/10/01 11:52:48.319, 1560 MHz, 5501 MHz, 70, 25.10 W, P4, 0x0000000000000004
2026/10/01 11:52:49.319, 1425 MHz, 7001 MHz, 70, 40.22 W, P3, 0x0000000000000004
2026/10/01 11:52:50.319, 1725 MHz, 5501 MHz, 71, 40.14 W, P4, 0x0000000000000004
2026/10/01 11:52:51.319, 1515 MHz, 5501 MHz, 70, 40.05 W, P4, 0x0000000000000004
2026/10/01 11:52:52.320, 1665 MHz, 5501 MHz, 71, 39.74 W, P4, 0x0000000000000004
2026/10/01 11:52:53.323, 1620 MHz, 5501 MHz, 70, 39.76 W, P4, 0x0000000000000004
2026/10/01 11:52:54.323, 1500 MHz, 5501 MHz, 71, 40.08 W, P4, 0x0000000000000004
2026/10/01 11:52:55.323, 1590 MHz, 5501 MHz, 70, 40.06 W, P4, 0x0000000000000004
2026/10/01 11:52:56.323, 1485 MHz, 5501 MHz, 71, 39.89 W, P4, 0x0000000000000004
2026/10/01 11:52:57.323, 1815 MHz, 5501 MHz, 71, 39.68 W, P4, 0x0000000000000004
2026/10/01 11:52:58.324, 1605 MHz, 5501 MHz, 71, 39.91 W, P4, 0x0000000000000004
2026/10/01 11:52:59.324, 1350 MHz, 5501 MHz, 73, 39.83 W, P4, 0x0000000000000004
2026/10/01 11:53:00.324, 1620 MHz, 5501 MHz, 71, 40.05 W, P4, 0x0000000000000004
2026/10/01 11:53:01.325, 1455 MHz, 5501 MHz, 71, 40.10 W, P4, 0x0000000000000004
2026/10/01 11:53:02.325, 1560 MHz, 5501 MHz, 71, 40.06 W, P4, 0x0000000000000004
2026/10/01 11:53:03.325, 2085 MHz, 7001 MHz, 67, 31.71 W, P3, 0x0000000000000000
2026/10/01 11:53:04.325, 2085 MHz, 7001 MHz, 66, 20.02 W, P3, 0x0000000000000000
2026/10/01 11:53:05.326, 1620 MHz, 7001 MHz, 65, 14.81 W, P3, 0x0000000000000024
2026/10/01 11:53:06.326, 1620 MHz, 7001 MHz, 65, 12.88 W, P3, 0x0000000000000024
2026/10/01 11:53:07.326, 1620 MHz, 7001 MHz, 64, 12.84 W, P3, 0x0000000000000024
2026/10/01 11:53:08.327, 1620 MHz, 7001 MHz, 64, 12.80 W, P3, 0x0000000000000024
2026/10/01 11:53:09.327, 1620 MHz, 8001 MHz, 65, 15.55 W, P0, 0x0000000000000001
2026/10/01 11:53:10.327, 1920 MHz, 8001 MHz, 67, 39.51 W, P0, 0x0000000000000004
2026/10/01 11:53:11.328, 1980 MHz, 8001 MHz, 67, 39.84 W, P0, 0x0000000000000004
2026/10/01 11:53:12.329, 2025 MHz, 8001 MHz, 68, 39.94 W, P0, 0x0000000000000004
2026/10/01 11:53:13.329, 1965 MHz, 8001 MHz, 68, 39.97 W, P0, 0x0000000000000004
2026/10/01 11:53:14.329, 1980 MHz, 8001 MHz, 68, 40.01 W, P0, 0x0000000000000004
2026/10/01 11:53:15.329, 1965 MHz, 8001 MHz, 68, 39.99 W, P0, 0x0000000000000004
2026/10/01 11:53:16.330, 1935 MHz, 8001 MHz, 68, 39.96 W, P0, 0x0000000000000004
2026/10/01 11:53:17.330, 1980 MHz, 8001 MHz, 68, 39.98 W, P0, 0x0000000000000004
2026/10/01 11:53:18.330, 1980 MHz, 8001 MHz, 68, 39.99 W, P0, 0x0000000000000004
2026/10/01 11:53:19.330, 1980 MHz, 8001 MHz, 68, 39.99 W, P0, 0x0000000000000004
2026/10/01 11:53:20.331, 1965 MHz, 8001 MHz, 68, 39.99 W, P0, 0x0000000000000004
2026/10/01 11:53:21.331, 1980 MHz, 8001 MHz, 68, 39.98 W, P0, 0x0000000000000004
2026/10/01 11:53:22.331, 1980 MHz, 8001 MHz, 68, 39.96 W, P0, 0x0000000000000004
2026/10/01 11:53:23.331, 1980 MHz, 8001 MHz, 68, 39.99 W, P0, 0x0000000000000004
2026/10/01 11:53:24.332, 2010 MHz, 8001 MHz, 68, 39.99 W, P0, 0x0000000000000004
2026/10/01 11:53:25.332, 2085 MHz, 8001 MHz, 68, 39.82 W, P0, 0x0000000000000000
2026/10/01 11:53:26.332, 2055 MHz, 8001 MHz, 68, 40.00 W, P0, 0x0000000000000004
2026/10/01 11:53:27.333, 2085 MHz, 8001 MHz, 68, 39.67 W, P0, 0x0000000000000004
2026/10/01 11:53:28.334, 2010 MHz, 8001 MHz, 68, 39.94 W, P0, 0x0000000000000004
2026/10/01 11:53:29.334, 2010 MHz, 8001 MHz, 68, 39.97 W, P0, 0x0000000000000004
2026/10/01 11:53:30.334, 1995 MHz, 8001 MHz, 68, 40.00 W, P0, 0x0000000000000004
2026/10/01 11:53:31.335, 2055 MHz, 8001 MHz, 69, 39.86 W, P0, 0x0000000000000004
2026/10/01 11:53:32.336, 2085 MHz, 8001 MHz, 69, 39.68 W, P0, 0x0000000000000000
2026/10/01 11:53:33.336, 2085 MHz, 8001 MHz, 69, 39.42 W, P0, 0x0000000000000000
2026/10/01 11:53:34.336, 2085 MHz, 8001 MHz, 69, 39.68 W, P0, 0x0000000000000000
2026/10/01 11:53:35.337, 2085 MHz, 8001 MHz, 69, 39.62 W, P0, 0x0000000000000000
2026/10/01 11:53:36.338, 2085 MHz, 8001 MHz, 69, 39.52 W, P0, 0x0000000000000000
2026/10/01 11:53:37.338, 2085 MHz, 8001 MHz, 69, 39.09 W, P0, 0x0000000000000000
2026/10/01 11:53:38.339, 2085 MHz, 8001 MHz, 69, 38.58 W, P0, 0x0000000000000000
2026/10/01 11:53:39.340, 2070 MHz, 8001 MHz, 69, 39.25 W, P0, 0x0000000000000004
2026/10/01 11:53:40.340, 2085 MHz, 8001 MHz, 69, 39.87 W, P0, 0x0000000000000004
2026/10/01 11:53:41.341, 2085 MHz, 8001 MHz, 69, 39.35 W, P0, 0x0000000000000000
2026/10/01 11:53:42.342, 2085 MHz, 8001 MHz, 69, 38.40 W, P0, 0x0000000000000000
2026/10/01 11:53:43.343, 2010 MHz, 8001 MHz, 69, 38.94 W, P0, 0x0000000000000004
2026/10/01 11:53:44.343, 2010 MHz, 8001 MHz, 69, 39.77 W, P0, 0x0000000000000004
2026/10/01 11:53:45.344, 1995 MHz, 8001 MHz, 69, 39.90 W, P0, 0x0000000000000004
2026/10/01 11:53:46.345, 2055 MHz, 8001 MHz, 69, 39.95 W, P0, 0x0000000000000004
2026/10/01 11:53:47.347, 2085 MHz, 8001 MHz, 69, 36.52 W, P0, 0x0000000000000000
2026/10/01 11:53:48.347, 1980 MHz, 8001 MHz, 69, 39.00 W, P0, 0x0000000000000004
2026/10/01 11:53:49.349, 1770 MHz, 8001 MHz, 69, 40.20 W, P0, 0x0000000000000004
2026/10/01 11:53:50.349, 1815 MHz, 8001 MHz, 69, 39.90 W, P0, 0x0000000000000004
2026/10/01 11:53:51.349, 1860 MHz, 8001 MHz, 69, 39.92 W, P0, 0x0000000000000004
2026/10/01 11:53:52.350, 1935 MHz, 8001 MHz, 69, 35.70 W, P0, 0x0000000000000004
2026/10/01 11:53:53.350, 1875 MHz, 8001 MHz, 69, 40.17 W, P0, 0x0000000000000004
2026/10/01 11:53:54.350, 1935 MHz, 8001 MHz, 69, 39.86 W, P0, 0x0000000000000004
2026/10/01 11:53:55.351, 1830 MHz, 8001 MHz, 69, 39.95 W, P0, 0x0000000000000004
2026/10/01 11:53:56.351, 1860 MHz, 8001 MHz, 69, 39.94 W, P0, 0x0000000000000004
2026/10/01 11:53:57.351, 1785 MHz, 8001 MHz, 69, 37.29 W, P0, 0x0000000000000004
2026/10/01 11:53:58.351, 2085 MHz, 7001 MHz, 69, 39.01 W, P3, 0x0000000000000000
2026/10/01 11:53:59.352, 2085 MHz, 7001 MHz, 69, 39.38 W, P3, 0x0000000000000000
2026/10/01 11:54:00.352, 1755 MHz, 8001 MHz, 69, 38.92 W, P0, 0x0000000000000004
2026/10/01 11:54:01.352, 1755 MHz, 8001 MHz, 69, 39.08 W, P0, 0x0000000000000004
2026/10/01 11:54:02.352, 2085 MHz, 7001 MHz, 69, 36.43 W, P3, 0x0000000000000000
2026/10/01 11:54:03.353, 2070 MHz, 7001 MHz, 69, 38.43 W, P3, 0x0000000000000004
2026/10/01 11:54:04.353, 1470 MHz, 8001 MHz, 70, 39.96 W, P0, 0x0000000000000004
2026/10/01 11:54:05.353, 2085 MHz, 7001 MHz, 70, 39.18 W, P3, 0x0000000000000004
2026/10/01 11:54:06.353, 2085 MHz, 7001 MHz, 69, 39.52 W, P3, 0x0000000000000000
2026/10/01 11:54:07.354, 1710 MHz, 8001 MHz, 69, 39.66 W, P0, 0x0000000000000004
2026/10/01 11:54:08.355, 1470 MHz, 8001 MHz, 70, 35.16 W, P0, 0x0000000000000004
2026/10/01 11:54:09.356, 1920 MHz, 7001 MHz, 70, 40.20 W, P3, 0x0000000000000004
2026/10/01 11:54:10.356, 1920 MHz, 7001 MHz, 70, 39.95 W, P3, 0x0000000000000004
2026/10/01 11:54:11.356, 1920 MHz, 7001 MHz, 70, 39.73 W, P3, 0x0000000000000004
2026/10/01 11:54:12.357, 1365 MHz, 8001 MHz, 69, 30.30 W, P0, 0x0000000000000004
2026/10/01 11:54:13.357, 1755 MHz, 7001 MHz, 70, 40.10 W, P3, 0x0000000000000004
2026/10/01 11:54:14.357, 2085 MHz, 7001 MHz, 69, 36.93 W, P3, 0x0000000000000000
2026/10/01 11:54:15.357, 2085 MHz, 8001 MHz, 68, 26.00 W, P0, 0x0000000000000000
2026/10/01 11:54:16.358, 1650 MHz, 7001 MHz, 69, 36.66 W, P3, 0x0000000000000004
2026/10/01 11:54:17.358, 1815 MHz, 7001 MHz, 70, 39.38 W, P3, 0x0000000000000004
2026/10/01 11:54:18.358, 2085 MHz, 8001 MHz, 69, 25.48 W, P0, 0x0000000000000000
2026/10/01 11:54:19.358, 2055 MHz, 8001 MHz, 68, 26.55 W, P0, 0x0000000000000004
2026/10/01 11:54:20.359, 1305 MHz, 8001 MHz, 68, 27.78 W, P0, 0x0000000000000004
2026/10/01 11:54:21.359, 1530 MHz, 7001 MHz, 69, 40.17 W, P3, 0x0000000000000004
2026/10/01 11:54:22.359, 2055 MHz, 8001 MHz, 69, 33.48 W, P0, 0x0000000000000004
2026/10/01 11:54:23.359, 1890 MHz, 8001 MHz, 69, 40.19 W, P0, 0x0000000000000004
2026/10/01 11:54:24.360, 1905 MHz, 8001 MHz, 69, 40.03 W, P0, 0x0000000000000004
2026/10/01 11:54:25.360, 1980 MHz, 8001 MHz, 69, 39.93 W, P0, 0x0000000000000004
2026/10/01 11:54:26.360, 2010 MHz, 8001 MHz, 69, 39.94 W, P0, 0x0000000000000004
2026/10/01 11:54:27.361, 2025 MHz, 8001 MHz, 69, 39.97 W, P0, 0x0000000000000004
2026/10/01 11:54:28.361, 2025 MHz, 8001 MHz, 69, 39.98 W, P0, 0x0000000000000004
2026/10/01 11:54:29.361, 2010 MHz, 8001 MHz, 69, 39.96 W, P0, 0x0000000000000004
2026/10/01 11:54:30.361, 2085 MHz, 8001 MHz, 69, 39.36 W, P0, 0x0000000000000004
2026/10/01 11:54:31.362, 1935 MHz, 8001 MHz, 69, 39.72 W, P0, 0x0000000000000004
2026/10/01 11:54:32.362, 1950 MHz, 8001 MHz, 69, 39.89 W, P0, 0x0000000000000004
2026/10/01 11:54:33.363, 1980 MHz, 8001 MHz, 69, 39.94 W, P0, 0x0000000000000004
2026/10/01 11:54:34.363, 1920 MHz, 8001 MHz, 69, 39.96 W, P0, 0x0000000000000004
2026/10/01 11:54:35.363, 1920 MHz, 8001 MHz, 69, 39.97 W, P0, 0x0000000000000004
2026/10/01 11:54:36.364, 1740 MHz, 8001 MHz, 69, 39.94 W, P0, 0x0000000000000004
2026/10/01 11:54:37.364, 2085 MHz, 7001 MHz, 69, 39.33 W, P3, 0x0000000000000000
2026/10/01 11:54:38.364, 1710 MHz, 8001 MHz, 69, 38.65 W, P0, 0x0000000000000004
2026/10/01 11:54:39.364, 2085 MHz, 7001 MHz, 69, 39.44 W, P3, 0x0000000000000000
2026/10/01 11:54:40.364, 2085 MHz, 7001 MHz, 70, 38.86 W, P3, 0x0000000000000000
2026/10/01 11:54:41.365, 2085 MHz, 7001 MHz, 70, 39.76 W, P3, 0x0000000000000004
2026/10/01 11:54:42.365, 1935 MHz, 7001 MHz, 70, 40.00 W, P3, 0x0000000000000004
2026/10/01 11:54:43.365, 2025 MHz, 8001 MHz, 70, 37.57 W, P0, 0x0000000000000004
2026/10/01 11:54:44.365, 1905 MHz, 8001 MHz, 69, 40.22 W, P0, 0x0000000000000004
2026/10/01 11:54:45.366, 1905 MHz, 8001 MHz, 69, 39.90 W, P0, 0x0000000000000004
2026/10/01 11:54:46.366, 1905 MHz, 8001 MHz, 70, 40.01 W, P0, 0x0000000000000004
2026/10/01 11:54:47.366, 1890 MHz, 8001 MHz, 70, 39.96 W, P0, 0x0000000000000004
2026/10/01 11:54:48.366, 1905 MHz, 8001 MHz, 70, 39.96 W, P0, 0x0000000000000004
2026/10/01 11:54:49.367, 1815 MHz, 8001 MHz, 70, 39.94 W, P0, 0x0000000000000004
2026/10/01 11:54:50.367, 1785 MHz, 8001 MHz, 70, 40.00 W, P0, 0x0000000000000004
2026/10/01 11:54:51.367, 2085 MHz, 7001 MHz, 71, 38.46 W, P3, 0x0000000000000000
2026/10/01 11:54:52.367, 1815 MHz, 8001 MHz, 70, 40.18 W, P0, 0x0000000000000004
2026/10/01 11:54:53.368, 1890 MHz, 7001 MHz, 73, 38.62 W, P3, 0x0000000000000004
2026/10/01 11:54:54.368, 1935 MHz, 7001 MHz, 73, 40.07 W, P3, 0x0000000000000004
2026/10/01 11:54:55.368, 1905 MHz, 7001 MHz, 73, 40.03 W, P3, 0x0000000000000004
2026/10/01 11:54:56.368, 2010 MHz, 7001 MHz, 72, 38.89 W, P3, 0x0000000000000004
2026/10/01 11:54:57.368, 1890 MHz, 5501 MHz, 74, 38.91 W, P4, 0x0000000000000004
2026/10/01 11:54:58.369, 1740 MHz, 7001 MHz, 73, 39.76 W, P3, 0x0000000000000004
2026/10/01 11:54:59.369, 1890 MHz, 5501 MHz, 75, 36.66 W, P4, 0x0000000000000004
2026/10/01 11:55:00.369, 1800 MHz, 5501 MHz, 74, 39.67 W, P4, 0x0000000000000004
2026/10/01 11:55:01.369, 1755 MHz, 5501 MHz, 74, 40.06 W, P4, 0x0000000000000004
2026/10/01 11:55:02.370, 1620 MHz, 5501 MHz, 72, 34.74 W, P4, 0x0000000000000004
2026/10/01 11:55:03.370, 1545 MHz, 5501 MHz, 73, 39.97 W, P4, 0x0000000000000004
2026/10/01 11:55:04.370, 1500 MHz, 5501 MHz, 73, 40.11 W, P4, 0x0000000000000004
2026/10/01 11:55:05.370, 1695 MHz, 5501 MHz, 73, 39.74 W, P4, 0x0000000000000004
2026/10/01 11:55:06.370, 1620 MHz, 5501 MHz, 73, 40.04 W, P4, 0x0000000000000004
2026/10/01 11:55:07.371, 1590 MHz, 5501 MHz, 72, 39.89 W, P4, 0x0000000000000004
2026/10/01 11:55:08.371, 2085 MHz, 5501 MHz, 69, 37.71 W, P4, 0x0000000000000004
2026/10/01 11:55:09.371, 1335 MHz, 7001 MHz, 71, 31.00 W, P3, 0x0000000000000004
2026/10/01 11:55:10.371, 1530 MHz, 5501 MHz, 72, 39.92 W, P4, 0x0000000000000004
2026/10/01 11:55:11.372, 1605 MHz, 5501 MHz, 72, 39.82 W, P4, 0x0000000000000004
2026/10/01 11:55:12.372, 1485 MHz, 5501 MHz, 72, 39.90 W, P4, 0x0000000000000004
2026/10/01 11:55:13.372, 1800 MHz, 5501 MHz, 73, 39.50 W, P4, 0x0000000000000004
2026/10/01 11:55:14.372, 1530 MHz, 5501 MHz, 72, 39.93 W, P4, 0x0000000000000004
2026/10/01 11:55:15.372, 1665 MHz, 5501 MHz, 75, 39.98 W, P4, 0x0000000000000004
2026/10/01 11:55:16.373, 1605 MHz, 5501 MHz, 72, 39.73 W, P4, 0x0000000000000004
2026/10/01 11:55:17.373, 1485 MHz, 5501 MHz, 72, 40.00 W, P4, 0x0000000000000004
2026/10/01 11:55:18.373, 1590 MHz, 5501 MHz, 72, 40.04 W, P4, 0x0000000000000004
2026/10/01 11:55:19.374, 1500 MHz, 5501 MHz, 72, 39.94 W, P4, 0x0000000000000004
2026/10/01 11:55:20.374, 1650 MHz, 5501 MHz, 72, 39.72 W, P4, 0x0000000000000004
2026/10/01 11:55:21.374, 1515 MHz, 5501 MHz, 72, 40.04 W, P4, 0x0000000000000004
2026/10/01 11:55:22.374, 1635 MHz, 5501 MHz, 73, 39.82 W, P4, 0x0000000000000004
2026/10/01 11:55:23.374, 1605 MHz, 5501 MHz, 72, 39.98 W, P4, 0x0000000000000004
2026/10/01 11:55:24.375, 1620 MHz, 5501 MHz, 71, 33.03 W, P3, 0x0000000000000004
2026/10/01 11:55:25.375, 2085 MHz, 7001 MHz, 68, 22.01 W, P3, 0x0000000000000000
2026/10/01 11:55:26.375, 1620 MHz, 7001 MHz, 68, 18.00 W, P3, 0x0000000000000001
2026/10/01 11:55:27.375, 2055 MHz, 8001 MHz, 70, 36.73 W, P0, 0x0000000000000004
2026/10/01 11:55:28.376, 1980 MHz, 8001 MHz, 70, 40.09 W, P0, 0x0000000000000004
2026/10/01 11:55:29.376, 1935 MHz, 8001 MHz, 70, 40.01 W, P0, 0x0000000000000004
2026/10/01 11:55:30.376, 1920 MHz, 8001 MHz, 70, 40.03 W, P0, 0x0000000000000004
2026/10/01 11:55:31.377, 1920 MHz, 8001 MHz, 70, 40.02 W, P0, 0x0000000000000004
2026/10/01 11:55:32.377, 1920 MHz, 8001 MHz, 70, 40.03 W, P0, 0x0000000000000004
2026/10/01 11:55:33.377, 2025 MHz, 8001 MHz, 70, 39.94 W, P0, 0x0000000000000004
2026/10/01 11:55:34.378, 1965 MHz, 8001 MHz, 70, 39.98 W, P0, 0x0000000000000004
2026/10/01 11:55:35.378, 1980 MHz, 8001 MHz, 70, 39.97 W, P0, 0x0000000000000004
2026/10/01 11:55:36.379, 1965 MHz, 8001 MHz, 70, 39.94 W, P0, 0x0000000000000004
2026/10/01 11:55:37.379, 1965 MHz, 8001 MHz, 70, 40.00 W, P0, 0x0000000000000004
2026/10/01 11:55:38.380, 1995 MHz, 8001 MHz, 70, 40.01 W, P0, 0x0000000000000004
2026/10/01 11:55:39.385, 1980 MHz, 8001 MHz, 70, 39.94 W, P0, 0x0000000000000004
2026/10/01 11:55:40.385, 1980 MHz, 8001 MHz, 70, 39.99 W, P0, 0x0000000000000004
2026/10/01 11:55:41.387, 2070 MHz, 8001 MHz, 70, 38.41 W, P0, 0x0000000000000004
2026/10/01 11:55:42.388, 2085 MHz, 8001 MHz, 70, 39.83 W, P0, 0x0000000000000000
2026/10/01 11:55:43.388, 2010 MHz, 8001 MHz, 70, 39.98 W, P0, 0x0000000000000004
2026/10/01 11:55:44.389, 2010 MHz, 8001 MHz, 70, 40.00 W, P0, 0x0000000000000004
2026/10/01 11:55:45.390, 2085 MHz, 8001 MHz, 70, 39.29 W, P0, 0x0000000000000000
2026/10/01 11:55:46.392, 2085 MHz, 8001 MHz, 70, 39.27 W, P0, 0x0000000000000004
2026/10/01 11:55:47.393, 1980 MHz, 8001 MHz, 70, 39.92 W, P0, 0x0000000000000004
2026/10/01 11:55:48.393, 1980 MHz, 8001 MHz, 70, 39.95 W, P0, 0x0000000000000004
2026/10/01 11:55:49.394, 1980 MHz, 8001 MHz, 70, 39.96 W, P0, 0x0000000000000004
2026/10/01 11:55:50.394, 2025 MHz, 8001 MHz, 70, 39.96 W, P0, 0x0000000000000004
2026/10/01 11:55:51.394, 2010 MHz, 8001 MHz, 70, 39.98 W, P0, 0x0000000000000004
2026/10/01 11:55:52.394, 1995 MHz, 8001 MHz, 70, 39.97 W, P0, 0x0000000000000004
2026/10/01 11:55:53.394, 2070 MHz, 8001 MHz, 70, 39.85 W, P0, 0x0000000000000004
2026/10/01 11:55:54.395, 2010 MHz, 8001 MHz, 70, 39.82 W, P0, 0x0000000000000004
2026/10/01 11:55:55.395, 2010 MHz, 8001 MHz, 70, 39.97 W, P0, 0x0000000000000004
2026/10/01 11:55:56.395, 1845 MHz, 8001 MHz, 70, 40.01 W, P0, 0x0000000000000004
2026/10/01 11:55:57.395, 1830 MHz, 8001 MHz, 70, 39.96 W, P0, 0x0000000000000004
2026/10/01 11:55:58.396, 2085 MHz, 8001 MHz, 70, 39.83 W, P0, 0x0000000000000004
2026/10/01 11:55:59.396, 2085 MHz, 8001 MHz, 70, 39.35 W, P0, 0x0000000000000000
2026/10/01 11:56:00.396, 1830 MHz, 8001 MHz, 70, 39.94 W, P0, 0x0000000000000004
2026/10/01 11:56:01.396, 1830 MHz, 8001 MHz, 70, 39.90 W, P0, 0x0000000000000004
2026/10/01 11:56:02.396, 1830 MHz, 8001 MHz, 70, 39.90 W, P0, 0x0000000000000004
2026/10/01 11:56:03.397, 2085 MHz, 8001 MHz, 70, 39.30 W, P0, 0x0000000000000000
2026/10/01 11:56:04.397, 1920 MHz, 8001 MHz, 70, 38.88 W, P0, 0x0000000000000004
2026/10/01 11:56:05.397, 1890 MHz, 8001 MHz, 70, 40.12 W, P0, 0x0000000000000004
2026/10/01 11:56:06.397, 1845 MHz, 8001 MHz, 70, 40.00 W, P0, 0x0000000000000004
2026/10/01 11:56:07.397, 1845 MHz, 8001 MHz, 70, 40.11 W, P0, 0x0000000000000004
2026/10/01 11:56:08.398, 2085 MHz, 8001 MHz, 70, 37.69 W, P0, 0x0000000000000000
2026/10/01 11:56:09.398, 2085 MHz, 7001 MHz, 70, 38.69 W, P3, 0x0000000000000000
2026/10/01 11:56:10.398, 1935 MHz, 7001 MHz, 70, 39.21 W, P3, 0x0000000000000004
2026/10/01 11:56:11.398, 1875 MHz, 8001 MHz, 70, 38.68 W, P0, 0x0000000000000004
2026/10/01 11:56:12.398, 2085 MHz, 8001 MHz, 71, 37.96 W, P0, 0x0000000000000000
2026/10/01 11:56:13.398, 2085 MHz, 7001 MHz, 70, 36.90 W, P3, 0x0000000000000000
2026/10/01 11:56:14.399, 1725 MHz, 7001 MHz, 70, 37.13 W, P3, 0x0000000000000004
2026/10/01 11:56:15.399, 1725 MHz, 8001 MHz, 71, 38.94 W, P0, 0x0000000000000004
2026/10/01 11:56:16.399, 2085 MHz, 8001 MHz, 71, 38.80 W, P0, 0x0000000000000000
2026/10/01 11:56:17.400, 2085 MHz, 7001 MHz, 71, 39.43 W, P3, 0x0000000000000000
2026/10/01 11:56:18.400, 1605 MHz, 7001 MHz, 70, 39.66 W, P3, 0x0000000000000004
2026/10/01 11:56:19.400, 1605 MHz, 8001 MHz, 70, 34.56 W, P0, 0x0000000000000004
2026/10/01 11:56:20.400, 2085 MHz, 7001 MHz, 71, 40.08 W, P3, 0x0000000000000004
2026/10/01 11:56:21.400, 1545 MHz, 7001 MHz, 70, 40.03 W, P3, 0x0000000000000004
2026/10/01 11:56:22.401, 1980 MHz, 7001 MHz, 71, 39.70 W, P3, 0x0000000000000004
2026/10/01 11:56:23.404, 2085 MHz, 8001 MHz, 71, 39.85 W, P0, 0x0000000000000004
2026/10/01 11:56:24.404, 1590 MHz, 8001 MHz, 70, 39.98 W, P0, 0x0000000000000004
2026/10/01 11:56:25.404, 1455 MHz, 7001 MHz, 70, 36.37 W, P3, 0x0000000000000004
2026/10/01 11:56:26.405, 1785 MHz, 7001 MHz, 71, 39.97 W, P3, 0x0000000000000004
2026/10/01 11:56:27.405, 1875 MHz, 7001 MHz, 71, 39.85 W, P3, 0x0000000000000004
2026/10/01 11:56:28.405, 2085 MHz, 7001 MHz, 70, 35.22 W, P3, 0x0000000000000000
2026/10/01 11:56:29.405, 1725 MHz, 7001 MHz, 71, 34.80 W, P3, 0x0000000000000004
2026/10/01 11:56:30.406, 1740 MHz, 7001 MHz, 71, 39.92 W, P3, 0x0000000000000004
2026/10/01 11:56:31.406, 2085 MHz, 7001 MHz, 70, 33.44 W, P3, 0x0000000000000000
2026/10/01 11:56:32.406, 2085 MHz, 8001 MHz, 69, 26.67 W, P0, 0x0000000000000000
2026/10/01 11:56:33.406, 1545 MHz, 7001 MHz, 71, 40.20 W, P3, 0x0000000000000004
2026/10/01 11:56:34.407, 2085 MHz, 7001 MHz, 69, 34.65 W, P3, 0x0000000000000000
2026/10/01 11:56:35.407, 2055 MHz, 8001 MHz, 70, 25.80 W, P0, 0x0000000000000000
2026/10/01 11:56:36.407, 1875 MHz, 8001 MHz, 69, 26.45 W, P0, 0x0000000000000004
2026/10/01 11:56:37.407, 1215 MHz, 7001 MHz, 70, 31.53 W, P3, 0x0000000000000004
2026/10/01 11:56:38.407, 2070 MHz, 7001 MHz, 70, 39.10 W, P3, 0x0000000000000004
2026/10/01 11:56:39.408, 1965 MHz, 8001 MHz, 70, 35.83 W, P0, 0x0000000000000004
2026/10/01 11:56:40.408, 1980 MHz, 8001 MHz, 70, 40.10 W, P0, 0x0000000000000004
2026/10/01 11:56:41.408, 2025 MHz, 8001 MHz, 70, 39.99 W, P0, 0x0000000000000004
2026/10/01 11:56:42.408, 2010 MHz, 8001 MHz, 70, 40.07 W, P0, 0x0000000000000004
2026/10/01 11:56:43.408, 2010 MHz, 8001 MHz, 70, 40.08 W, P0, 0x0000000000000004
2026/10/01 11:56:44.408, 2010 MHz, 8001 MHz, 70, 40.05 W, P0, 0x0000000000000004
2026/10/01 11:56:45.408, 2010 MHz, 8001 MHz, 70, 40.00 W, P0, 0x0000000000000004
2026/10/01 11:56:46.409, 1980 MHz, 8001 MHz, 70, 40.03 W, P0, 0x0000000000000004
2026/10/01 11:56:47.409, 1980 MHz, 8001 MHz, 70, 39.98 W, P0, 0x0000000000000004
2026/10/01 11:56:48.409, 1980 MHz, 8001 MHz, 70, 40.03 W, P0, 0x0000000000000004
2026/10/01 11:56:49.409, 1995 MHz, 8001 MHz, 70, 40.02 W, P0, 0x0000000000000004
2026/10/01 11:56:50.410, 2010 MHz, 8001 MHz, 70, 39.94 W, P0, 0x0000000000000004
2026/10/01 11:56:51.410, 1950 MHz, 8001 MHz, 70, 39.92 W, P0, 0x0000000000000004
2026/10/01 11:56:52.410, 1815 MHz, 8001 MHz, 70, 40.01 W, P0, 0x0000000000000004
2026/10/01 11:56:53.410, 2085 MHz, 7001 MHz, 70, 39.35 W, P3, 0x0000000000000000
2026/10/01 11:56:54.411, 1605 MHz, 8001 MHz, 70, 39.37 W, P0, 0x0000000000000004
2026/10/01 11:56:55.411, 1935 MHz, 7001 MHz, 70, 40.03 W, P3, 0x0000000000000004
2026/10/01 11:56:56.411, 2085 MHz, 7001 MHz, 71, 38.81 W, P3, 0x0000000000000000
2026/10/01 11:56:57.411, 2040 MHz, 7001 MHz, 71, 39.87 W, P3, 0x0000000000000004
2026/10/01 11:56:58.411, 1920 MHz, 7001 MHz, 71, 39.98 W, P3, 0x0000000000000004
2026/10/01 11:56:59.412, 2085 MHz, 7001 MHz, 70, 38.56 W, P3, 0x0000000000000000
2026/10/01 11:57:00.412, 2010 MHz, 8001 MHz, 71, 37.96 W, P0, 0x0000000000000004
2026/10/01 11:57:01.412, 1995 MHz, 8001 MHz, 71, 40.08 W, P0, 0x0000000000000004
2026/10/01 11:57:02.412, 2010 MHz, 8001 MHz, 71, 40.01 W, P0, 0x0000000000000004
2026/10/01 11:57:03.413, 1965 MHz, 8001 MHz, 71, 40.09 W, P0, 0x0000000000000004
2026/10/01 11:57:04.413, 1935 MHz, 8001 MHz, 71, 40.08 W, P0, 0x0000000000000004
2026/10/01 11:57:05.413, 1935 MHz, 8001 MHz, 71, 40.09 W, P0, 0x0000000000000004
2026/10/01 11:57:06.413, 2085 MHz, 7001 MHz, 72, 39.21 W, P3, 0x0000000000000000
2026/10/01 11:57:07.413, 1860 MHz, 7001 MHz, 71, 39.84 W, P3, 0x0000000000000004
2026/10/01 11:57:08.414, 1875 MHz, 8001 MHz, 71, 38.88 W, P0, 0x0000000000000004
2026/10/01 11:57:09.414, 2085 MHz, 7001 MHz, 71, 38.68 W, P3, 0x0000000000000004
2026/10/01 11:57:10.414, 1785 MHz, 7001 MHz, 73, 39.95 W, P3, 0x0000000000000004
2026/10/01 11:57:11.414, 1830 MHz, 7001 MHz, 73, 39.81 W, P3, 0x0000000000000004
2026/10/01 11:57:12.415, 1785 MHz, 7001 MHz, 73, 39.85 W, P3, 0x0000000000000004
2026/10/01 11:57:13.415, 1800 MHz, 5501 MHz, 75, 39.86 W, P4, 0x0000000000000004
2026/10/01 11:57:14.415, 1740 MHz, 7001 MHz, 75, 39.94 W, P3, 0x0000000000000004
2026/10/01 11:57:15.415, 1845 MHz, 7001 MHz, 75, 38.61 W, P3, 0x0000000000000004
2026/10/01 11:57:16.415, 1860 MHz, 5501 MHz, 76, 39.69 W, P4, 0x0000000000000004
2026/10/01 11:57:17.416, 1800 MHz, 5501 MHz, 75, 39.89 W, P4, 0x0000000000000004
2026/10/01 11:57:18.416, 1530 MHz, 5501 MHz, 73, 34.46 W, P4, 0x0000000000000004
2026/10/01 11:57:19.416, 1470 MHz, 5501 MHz, 74, 39.95 W, P4, 0x0000000000000004
2026/10/01 11:57:20.416, 1425 MHz, 5501 MHz, 73, 39.80 W, P4, 0x0000000000000004
2026/10/01 11:57:21.417, 1650 MHz, 5501 MHz, 73, 39.85 W, P4, 0x0000000000000004
2026/10/01 11:57:22.417, 1590 MHz, 5501 MHz, 73, 39.79 W, P4, 0x0000000000000004
2026/10/01 11:57:23.417, 1590 MHz, 5501 MHz, 73, 39.82 W, P4, 0x0000000000000004
2026/10/01 11:57:24.417, 1305 MHz, 5501 MHz, 75, 39.88 W, P4, 0x0000000000000004
2026/10/01 11:57:25.418, 1530 MHz, 5501 MHz, 73, 30.44 W, P4, 0x0000000000000004
2026/10/01 11:57:26.419, 1590 MHz, 5501 MHz, 72, 40.84 W, P4, 0x0000000000000004
2026/10/01 11:57:27.419, 1515 MHz, 5501 MHz, 73, 40.10 W, P4, 0x0000000000000004
2026/10/01 11:57:28.419, 1470 MHz, 5501 MHz, 74, 39.57 W, P4, 0x0000000000000004
2026/10/01 11:57:29.419, 1575 MHz, 5501 MHz, 73, 39.88 W, P4, 0x0000000000000004
2026/10/01 11:57:30.420, 1425 MHz, 5501 MHz, 75, 40.05 W, P4, 0x0000000000000004
2026/10/01 11:57:31.420, 1590 MHz, 5501 MHz, 73, 40.13 W, P4, 0x0000000000000004
2026/10/01 11:57:32.420, 1455 MHz, 5501 MHz, 73, 40.05 W, P4, 0x0000000000000004
2026/10/01 11:57:33.420, 1530 MHz, 5501 MHz, 73, 39.96 W, P4, 0x0000000000000004
2026/10/01 11:57:34.421, 1515 MHz, 5501 MHz, 73, 39.86 W, P4, 0x0000000000000004
2026/10/01 11:57:35.421, 1680 MHz, 5501 MHz, 73, 39.78 W, P4, 0x0000000000000004
2026/10/01 11:57:36.421, 1455 MHz, 5501 MHz, 73, 40.22 W, P4, 0x0000000000000004
2026/10/01 11:57:37.421, 1275 MHz, 5501 MHz, 74, 39.97 W, P4, 0x0000000000000004
2026/10/01 11:57:38.422, 1560 MHz, 5501 MHz, 73, 40.05 W, P4, 0x0000000000000004
2026/10/01 11:57:39.422, 1455 MHz, 5501 MHz, 74, 39.96 W, P4, 0x0000000000000004
2026/10/01 11:57:40.422, 2010 MHz, 5501 MHz, 70, 35.16 W, P4, 0x0000000000000001
2026/10/01 11:57:41.422, 2085 MHz, 7001 MHz, 70, 24.00 W, P3, 0x0000000000000000
2026/10/01 11:57:42.423, 1965 MHz, 8001 MHz, 70, 29.82 W, P0, 0x0000000000000004
2026/10/01 11:57:43.423, 1905 MHz, 8001 MHz, 70, 40.14 W, P0, 0x0000000000000004
2026/10/01 11:57:44.423, 1920 MHz, 8001 MHz, 70, 40.03 W, P0, 0x0000000000000004
2026/10/01 11:57:45.423, 1905 MHz, 8001 MHz, 70, 40.01 W, P0, 0x0000000000000004
2026/10/01 11:57:46.424, 1980 MHz, 8001 MHz, 70, 39.96 W, P0, 0x0000000000000004
2026/10/01 11:57:47.425, 1950 MHz, 8001 MHz, 70, 40.01 W, P0, 0x0000000000000004
2026/10/01 11:57:48.425, 1890 MHz, 8001 MHz, 70, 40.04 W, P0, 0x0000000000000004
2026/10/01 11:57:49.425, 1860 MHz, 8001 MHz, 70, 40.00 W, P0, 0x0000000000000004
2026/10/01 11:57:50.426, 1890 MHz, 8001 MHz, 71, 39.99 W, P0, 0x0000000000000004
2026/10/01 11:57:51.426, 1890 MHz, 8001 MHz, 70, 39.98 W, P0, 0x0000000000000004
2026/10/01 11:57:52.426, 1890 MHz, 8001 MHz, 71, 39.99 W, P0, 0x0000000000000004
2026/10/01 11:57:53.426, 1890 MHz, 8001 MHz, 71, 40.01 W, P0, 0x0000000000000004
2026/10/01 11:57:54.426, 1890 MHz, 8001 MHz, 71, 40.00 W, P0, 0x0000000000000004
2026/10/01 11:57:55.427, 1875 MHz, 8001 MHz, 71, 40.02 W, P0, 0x0000000000000004
2026/10/01 11:57:56.427, 1860 MHz, 8001 MHz, 71, 40.01 W, P0, 0x0000000000000004
2026/10/01 11:57:57.427, 1890 MHz, 8001 MHz, 71, 39.97 W, P0, 0x0000000000000004
2026/10/01 11:57:58.427, 1875 MHz, 8001 MHz, 71, 40.00 W, P0, 0x0000000000000004
2026/10/01 11:57:59.428, 1875 MHz, 8001 MHz, 71, 39.98 W, P0, 0x0000000000000004
2026/10/01 11:58:00.428, 1875 MHz, 8001 MHz, 71, 40.01 W, P0, 0x0000000000000004
2026/10/01 11:58:01.428, 1890 MHz, 8001 MHz, 71, 40.00 W, P0, 0x0000000000000004
2026/10/01 11:58:02.428, 1860 MHz, 8001 MHz, 71, 40.01 W, P0, 0x0000000000000004
2026/10/01 11:58:03.428, 1875 MHz, 8001 MHz, 71, 39.98 W, P0, 0x0000000000000004
2026/10/01 11:58:04.429, 1890 MHz, 8001 MHz, 71, 39.93 W, P0, 0x0000000000000004
2026/10/01 11:58:05.429, 1935 MHz, 8001 MHz, 71, 39.96 W, P0, 0x0000000000000004
2026/10/01 11:58:06.429, 1980 MHz, 8001 MHz, 71, 40.00 W, P0, 0x0000000000000004
2026/10/01 11:58:07.429, 1980 MHz, 8001 MHz, 71, 39.99 W, P0, 0x0000000000000004
2026/10/01 11:58:08.430, 2055 MHz, 8001 MHz, 71, 39.98 W, P0, 0x0000000000000004
2026/10/01 11:58:09.430, 2055 MHz, 8001 MHz, 71, 39.98 W, P0, 0x0000000000000004
2026/10/01 11:58:10.430, 2025 MHz, 8001 MHz, 71, 39.99 W, P0, 0x0000000000000004
2026/10/01 11:58:11.430, 1890 MHz, 8001 MHz, 71, 39.98 W, P0, 0x0000000000000004
2026/10/01 11:58:12.431, 1875 MHz, 8001 MHz, 71, 40.00 W, P0, 0x0000000000000004
2026/10/01 11:58:13.431, 2085 MHz, 8001 MHz, 71, 39.63 W, P0, 0x0000000000000000
2026/10/01 11:58:14.431, 2085 MHz, 8001 MHz, 71, 39.59 W, P0, 0x0000000000000000
2026/10/01 11:58:15.431, 1815 MHz, 8001 MHz, 71, 39.99 W, P0, 0x0000000000000004
2026/10/01 11:58:16.432, 1830 MHz, 8001 MHz, 71, 39.94 W, P0, 0x0000000000000004
2026/10/01 11:58:17.432, 1815 MHz, 8001 MHz, 71, 40.04 W, P0, 0x0000000000000004
2026/10/01 11:58:18.432, 2085 MHz, 8001 MHz, 71, 38.65 W, P0, 0x0000000000000000
2026/10/01 11:58:19.432, 1680 MHz, 8001 MHz, 71, 39.88 W, P0, 0x0000000000000004
2026/10/01 11:58:20.433, 1740 MHz, 8001 MHz, 71, 39.87 W, P0, 0x0000000000000004
2026/10/01 11:58:21.433, 1740 MHz, 8001 MHz, 71, 39.92 W, P0, 0x0000000000000004
2026/10/01 11:58:22.433, 1740 MHz, 8001 MHz, 71, 39.92 W, P0, 0x0000000000000004
2026/10/01 11:58:23.433, 1830 MHz, 8001 MHz, 71, 37.83 W, P0, 0x0000000000000004
2026/10/01 11:58:24.434, 1875 MHz, 8001 MHz, 71, 37.62 W, P0, 0x0000000000000004
2026/10/01 11:58:25.434, 2085 MHz, 7001 MHz, 71, 39.15 W, P3, 0x0000000000000000
2026/10/01 11:58:26.434, 2085 MHz, 7001 MHz, 71, 39.37 W, P3, 0x0000000000000004
2026/10/01 11:58:27.434, 1800 MHz, 8001 MHz, 71, 38.00 W, P0, 0x0000000000000004
2026/10/01 11:58:28.434, 2085 MHz, 7001 MHz, 71, 35.35 W, P3, 0x0000000000000000
2026/10/01 11:58:29.435, 2085 MHz, 7001 MHz, 71, 39.51 W, P3, 0x0000000000000000
2026/10/01 11:58:30.435, 1665 MHz, 8001 MHz, 71, 39.72 W, P0, 0x0000000000000004
2026/10/01 11:58:31.435, 1710 MHz, 8001 MHz, 71, 39.24 W, P0, 0x0000000000000004
2026/10/01 11:58:32.435, 2085 MHz, 7001 MHz, 71, 38.88 W, P3, 0x0000000000000000
2026/10/01 11:58:33.435, 2085 MHz, 7001 MHz, 71, 39.52 W, P3, 0x0000000000000000
2026/10/01 11:58:34.436, 1590 MHz, 8001 MHz, 71, 35.56 W, P0, 0x0000000000000004
2026/10/01 11:58:35.436, 2085 MHz, 7001 MHz, 72, 39.76 W, P3, 0x0000000000000004
2026/10/01 11:58:36.436, 2025 MHz, 7001 MHz, 72, 39.98 W, P3, 0x0000000000000004
2026/10/01 11:58:37.436, 2025 MHz, 7001 MHz, 72, 39.96 W, P3, 0x0000000000000004
2026/10/01 11:58:38.437, 2085 MHz, 7001 MHz, 72, 39.75 W, P3, 0x0000000000000000
2026/10/01 11:58:39.437, 2085 MHz, 8001 MHz, 71, 37.48 W, P0, 0x0000000000000000
2026/10/01 11:58:40.437, 1830 MHz, 7001 MHz, 72, 37.73 W, P3, 0x0000000000000004
2026/10/01 11:58:41.437, 1800 MHz, 7001 MHz, 72, 40.01 W, P3, 0x0000000000000004
2026/10/01 11:58:42.438, 1965 MHz, 7001 MHz, 72, 40.03 W, P3, 0x0000000000000004
2026/10/01 11:58:43.438, 2085 MHz, 8001 MHz, 70, 31.25 W, P0, 0x0000000000000000
2026/10/01 11:58:44.438, 1620 MHz, 7001 MHz, 72, 39.33 W, P3, 0x0000000000000004
2026/10/01 11:58:45.438, 1680 MHz, 7001 MHz, 72, 39.89 W, P3, 0x0000000000000004
2026/10/01 11:58:46.439, 2085 MHz, 8001 MHz, 70, 29.59 W, P0, 0x0000000000000000
2026/10/01 11:58:47.439, 1245 MHz, 8001 MHz, 71, 31.28 W, P0, 0x0000000000000004
2026/10/01 11:58:48.439, 1635 MHz, 7001 MHz, 72, 40.12 W, P3, 0x0000000000000004
2026/10/01 11:58:49.439, 2085 MHz, 8001 MHz, 70, 31.19 W, P0, 0x0000000000000004
2026/10/01 11:58:50.440, 2025 MHz, 8001 MHz, 70, 27.02 W, P0, 0x0000000000000004
2026/10/01 11:58:51.440, 1920 MHz, 8001 MHz, 70, 26.97 W, P0, 0x0000000000000000
2026/10/01 11:58:52.440, 1575 MHz, 7001 MHz, 72, 35.16 W, P3, 0x0000000000000004
2026/10/01 11:58:53.440, 2085 MHz, 7001 MHz, 70, 37.00 W, P3, 0x0000000000000000
2026/10/01 11:58:54.440, 1980 MHz, 8001 MHz, 71, 38.63 W, P0, 0x0000000000000004
2026/10/01 11:58:55.441, 1920 MHz, 8001 MHz, 71, 40.08 W, P0, 0x0000000000000004
2026/10/01 11:58:56.441, 1950 MHz, 8001 MHz, 71, 40.05 W, P0, 0x0000000000000004
2026/10/01 11:58:57.441, 1950 MHz, 8001 MHz, 71, 40.02 W, P0, 0x0000000000000004
2026/10/01 11:58:58.441, 1965 MHz, 8001 MHz, 71, 39.95 W, P0, 0x0000000000000004
2026/10/01 11:58:59.442, 1965 MHz, 8001 MHz, 71, 39.99 W, P0, 0x0000000000000004
2026/10/01 11:59:00.442, 1935 MHz, 8001 MHz, 71, 39.97 W, P0, 0x0000000000000004
2026/10/01 11:59:01.442, 1980 MHz, 8001 MHz, 71, 39.98 W, P0, 0x0000000000000004
2026/10/01 11:59:02.443, 1980 MHz, 8001 MHz, 71, 39.98 W, P0, 0x0000000000000004
2026/10/01 11:59:03.444, 1965 MHz, 8001 MHz, 71, 39.99 W, P0, 0x0000000000000004
2026/10/01 11:59:04.444, 1935 MHz, 8001 MHz, 71, 39.98 W, P0, 0x0000000000000004
2026/10/01 11:59:05.444, 1935 MHz, 8001 MHz, 71, 40.01 W, P0, 0x0000000000000004
2026/10/01 11:59:06.445, 1875 MHz, 8001 MHz, 71, 40.02 W, P0, 0x0000000000000004
2026/10/01 11:59:07.445, 1710 MHz, 8001 MHz, 71, 39.98 W, P0, 0x0000000000000004
2026/10/01 11:59:08.445, 2085 MHz, 7001 MHz, 71, 38.44 W, P3, 0x0000000000000000
2026/10/01 11:59:09.445, 1470 MHz, 8001 MHz, 71, 39.63 W, P0, 0x0000000000000004
2026/10/01 11:59:10.446, 2085 MHz, 7001 MHz, 71, 39.60 W, P3, 0x0000000000000004
2026/10/01 11:59:11.446, 2085 MHz, 7001 MHz, 72, 39.12 W, P3, 0x0000000000000004
2026/10/01 11:59:12.446, 2010 MHz, 7001 MHz, 71, 39.96 W, P3, 0x0000000000000004
2026/10/01 11:59:13.446, 1890 MHz, 7001 MHz, 71, 39.96 W, P3, 0x0000000000000004
2026/10/01 11:59:14.447, 2085 MHz, 7001 MHz, 71, 37.17 W, P3, 0x0000000000000000
2026/10/01 11:59:15.447, 1785 MHz, 8001 MHz, 71, 39.47 W, P0, 0x0000000000000004
2026/10/01 11:59:16.447, 1800 MHz, 8001 MHz, 71, 39.86 W, P0, 0x0000000000000004
2026/10/01 11:59:17.447, 1815 MHz, 8001 MHz, 71, 39.88 W, P0, 0x0000000000000004
2026/10/01 11:59:18.448, 1830 MHz, 8001 MHz, 71, 39.90 W, P0, 0x0000000000000004
2026/10/01 11:59:19.448, 1830 MHz, 8001 MHz, 71, 39.89 W, P0, 0x0000000000000004
2026/10/01 11:59:20.448, 1740 MHz, 8001 MHz, 72, 39.92 W, P0, 0x0000000000000004
2026/10/01 11:59:21.449, 1755 MHz, 8001 MHz, 72, 39.99 W, P0, 0x0000000000000004
2026/10/01 11:59:22.449, 2085 MHz, 7001 MHz, 72, 38.24 W, P3, 0x0000000000000000
2026/10/01 11:59:23.449, 1740 MHz, 8001 MHz, 72, 39.82 W, P0, 0x0000000000000004
2026/10/01 11:59:24.449, 1845 MHz, 7001 MHz, 74, 38.17 W, P3, 0x0000000000000004
2026/10/01 11:59:25.450, 1935 MHz, 7001 MHz, 74, 39.90 W, P3, 0x0000000000000004
2026/10/01 11:59:26.450, 1920 MHz, 7001 MHz, 74, 39.46 W, P3, 0x0000000000000004
2026/10/01 11:59:27.450, 1560 MHz, 7001 MHz, 74, 40.39 W, P3, 0x0000000000000004
2026/10/01 11:59:28.450, 1830 MHz, 5501 MHz, 75, 38.64 W, P4, 0x0000000000000004
2026/10/01 11:59:29.451, 1680 MHz, 7001 MHz, 75, 39.96 W, P3, 0x0000000000000004
2026/10/01 11:59:30.451, 1815 MHz, 7001 MHz, 75, 37.05 W, P3, 0x0000000000000004
2026/10/01 11:59:31.453, 1860 MHz, 5501 MHz, 76, 40.04 W, P4, 0x0000000000000004
2026/10/01 11:59:32.453, 1755 MHz, 5501 MHz, 75, 39.99 W, P4, 0x0000000000000004
2026/10/01 11:59:33.453, 2085 MHz, 5501 MHz, 69, 28.76 W, P4, 0x0000000000000000
2026/10/01 11:59:34.453, 1605 MHz, 5501 MHz, 73, 38.21 W, P4, 0x0000000000000004
2026/10/01 11:59:35.454, 1575 MHz, 5501 MHz, 73, 39.64 W, P4, 0x0000000000000004
2026/10/01 11:59:36.454, 1545 MHz, 5501 MHz, 74, 39.77 W, P4, 0x0000000000000004
2026/10/01 11:59:37.454, 1455 MHz, 5501 MHz, 74, 40.15 W, P4, 0x0000000000000004
2026/10/01 11:59:38.454, 1560 MHz, 5501 MHz, 74, 39.92 W, P4, 0x0000000000000004
2026/10/01 11:59:39.455, 1530 MHz, 5501 MHz, 74, 39.90 W, P4, 0x0000000000000004
2026/10/01 11:59:40.455, 2085 MHz, 7001 MHz, 70, 28.60 W, P3, 0x0000000000000000
2026/10/01 11:59:41.455, 1515 MHz, 5501 MHz, 73, 36.52 W, P4, 0x0000000000000004
2026/10/01 11:59:42.455, 1530 MHz, 7001 MHz, 74, 39.93 W, P3, 0x0000000000000004
2026/10/01 11:59:43.456, 1515 MHz, 5501 MHz, 73, 39.82 W, P4, 0x0000000000000004
2026/10/01 11:59:44.458, 1710 MHz, 5501 MHz, 74, 39.96 W, P4, 0x0000000000000004
2026/10/01 11:59:45.458, 1515 MHz, 5501 MHz, 73, 39.75 W, P4, 0x0000000000000004
2026/10/01 11:59:46.458, 1635 MHz, 5501 MHz, 75, 39.64 W, P4, 0x0000000000000004
2026/10/01 11:59:47.459, 1605 MHz, 5501 MHz, 73, 39.83 W, P4, 0x0000000000000004
2026/10/01 11:59:48.459, 1380 MHz, 5501 MHz, 76, 39.91 W, P4, 0x0000000000000004
2026/10/01 11:59:49.460, 1575 MHz, 5501 MHz, 73, 40.12 W, P4, 0x0000000000000004
2026/10/01 11:59:50.460, 1470 MHz, 5501 MHz, 74, 39.98 W, P4, 0x0000000000000004
2026/10/01 11:59:51.460, 1560 MHz, 5501 MHz, 73, 40.00 W, P4, 0x0000000000000004
2026/10/01 11:59:52.461, 1455 MHz, 5501 MHz, 73, 40.04 W, P4, 0x0000000000000004
2026/10/01 11:59:53.461, 1605 MHz, 5501 MHz, 74, 39.94 W, P4, 0x0000000000000004
2026/10/01 11:59:54.461, 1500 MHz, 5501 MHz, 73, 39.79 W, P4, 0x0000000000000004
2026/10/01 11:59:55.464, 1635 MHz, 5501 MHz, 74, 39.53 W, P4, 0x0000000000000004
2026/10/01 11:59:56.464, 1425 MHz, 7001 MHz, 72, 28.96 W, P3, 0x0000000000000004
2026/10/01 11:59:57.465, 2085 MHz, 7001 MHz, 69, 20.92 W, P3, 0x0000000000000000
2026/10/01 11:59:58.468, 1620 MHz, 7001 MHz, 68, 17.48 W, P3, 0x0000000000000001
2026/10/01 11:59:59.469, 1620 MHz, 7001 MHz, 67, 14.36 W, P3, 0x0000000000000001
