sweep,routine,impl,rev,size,time_us_median,time_us_min,reps,rel_err
0,dot,cublas,cublas,4096,7.168,6.144,2000,0.000e+00
0,dot,atomic,4da826e,4096,11.264,10.240,2000,4.225e-07
0,dot,block_reduction,3affd9b,4096,5.120,5.120,2000,1.207e-07
0,dot,sequential_addressing,47a65d8,4096,5.120,5.120,2000,1.207e-07
0,dot,two_per_thread,7099f40,4096,5.152,5.120,2000,6.035e-08
0,dot,warp_shuffle,98cc847,4096,5.120,4.160,2000,0.000e+00
0,dot,cublas,cublas,8192,8.192,7.168,2000,0.000e+00
0,dot,atomic,4da826e,8192,18.432,17.408,2000,3.009e-07
0,dot,block_reduction,3affd9b,8192,5.152,5.120,2000,1.203e-07
0,dot,sequential_addressing,47a65d8,8192,5.120,5.120,2000,1.203e-07
0,dot,two_per_thread,7099f40,8192,6.144,5.120,2000,6.017e-08
0,dot,warp_shuffle,98cc847,8192,5.120,5.120,2000,6.017e-08
0,dot,cublas,cublas,16384,8.192,7.168,2000,0.000e+00
0,dot,atomic,4da826e,16384,32.768,30.720,2000,1.453e-06
0,dot,block_reduction,3affd9b,16384,6.144,5.120,2000,6.052e-08
0,dot,sequential_addressing,47a65d8,16384,6.144,5.120,2000,0.000e+00
0,dot,two_per_thread,7099f40,16384,6.144,5.120,2000,1.816e-07
0,dot,warp_shuffle,98cc847,16384,5.120,5.120,2000,1.210e-07
0,dot,cublas,cublas,32768,9.216,8.192,2000,0.000e+00
0,dot,atomic,4da826e,32768,60.416,58.368,2000,2.408e-06
0,dot,block_reduction,3affd9b,32768,7.168,6.144,2000,1.806e-07
0,dot,sequential_addressing,47a65d8,32768,7.168,6.144,2000,1.806e-07
0,dot,two_per_thread,7099f40,32768,6.144,6.144,2000,0.000e+00
0,dot,warp_shuffle,98cc847,32768,6.144,5.120,2000,6.021e-08
0,dot,cublas,cublas,65536,10.240,9.216,2000,0.000e+00
0,dot,atomic,4da826e,65536,116.736,111.616,1953,2.631e-06
0,dot,block_reduction,3affd9b,65536,8.192,7.168,2000,5.980e-08
0,dot,sequential_addressing,47a65d8,65536,8.192,7.168,2000,1.794e-07
0,dot,two_per_thread,7099f40,65536,8.192,7.168,2000,5.980e-08
0,dot,warp_shuffle,98cc847,65536,7.168,6.144,2000,0.000e+00
0,dot,cublas,cublas,131072,12.288,11.264,2000,0.000e+00
0,dot,atomic,4da826e,131072,220.160,219.136,1047,7.893e-06
0,dot,block_reduction,3affd9b,131072,11.264,10.240,2000,5.382e-07
0,dot,sequential_addressing,47a65d8,131072,11.264,10.240,2000,5.979e-07
0,dot,two_per_thread,7099f40,131072,10.240,9.216,2000,1.196e-07
0,dot,warp_shuffle,98cc847,131072,9.216,8.192,2000,1.794e-07
0,dot,cublas,cublas,262144,17.408,15.360,2000,0.000e+00
0,dot,atomic,4da826e,262144,439.296,435.200,547,1.056e-05
0,dot,block_reduction,3affd9b,262144,18.432,16.384,2000,5.965e-07
0,dot,sequential_addressing,47a65d8,262144,17.408,16.384,2000,4.772e-07
0,dot,two_per_thread,7099f40,262144,14.336,13.312,2000,2.386e-07
0,dot,warp_shuffle,98cc847,262144,13.312,13.312,2000,2.982e-07
0,dot,cublas,cublas,524288,25.600,23.552,2000,0.000e+00
0,dot,atomic,4da826e,524288,866.304,862.208,275,4.924e-05
0,dot,block_reduction,3affd9b,524288,30.720,28.672,2000,7.760e-07
0,dot,sequential_addressing,47a65d8,524288,29.696,27.648,2000,8.357e-07
0,dot,two_per_thread,7099f40,524288,23.552,21.536,2000,1.791e-07
0,dot,warp_shuffle,98cc847,524288,23.552,21.504,2000,1.791e-07
0,dot,cublas,cublas,1048576,41.984,40.960,2000,0.000e+00
0,dot,atomic,4da826e,1048576,1723.392,1719.296,132,1.602e-04
0,dot,block_reduction,3affd9b,1048576,60.416,53.248,2000,9.553e-07
0,dot,sequential_addressing,47a65d8,1048576,57.344,51.200,2000,8.956e-07
0,dot,two_per_thread,7099f40,1048576,39.936,38.912,2000,1.134e-06
0,dot,warp_shuffle,98cc847,1048576,38.912,37.888,2000,1.194e-06
0,dot,cublas,cublas,2097152,76.800,73.728,2000,0.000e+00
0,dot,atomic,4da826e,2097152,3438.592,3433.472,66,5.066e-04
0,dot,block_reduction,3affd9b,2097152,115.712,101.376,2000,8.348e-07
0,dot,sequential_addressing,47a65d8,2097152,110.592,96.256,2000,7.155e-07
0,dot,two_per_thread,7099f40,2097152,74.752,71.680,2000,6.559e-07
0,dot,warp_shuffle,98cc847,2097152,72.704,70.656,2000,5.367e-07
0,dot,cublas,cublas,4194304,145.408,141.312,2000,0.000e+00
0,dot,atomic,4da826e,4194304,6871.040,6864.896,36,1.890e-03
0,dot,block_reduction,3affd9b,4194304,209.920,197.632,1271,5.960e-07
0,dot,sequential_addressing,47a65d8,4194304,198.656,188.416,1334,5.960e-07
0,dot,two_per_thread,7099f40,4194304,154.624,139.264,2000,1.430e-06
0,dot,warp_shuffle,98cc847,4194304,140.288,138.240,2000,1.430e-06
0,dot,cublas,cublas,8388608,315.392,275.456,838,0.000e+00
0,dot,atomic,4da826e,8388608,13733.888,13728.768,20,6.616e-03
0,dot,block_reduction,3affd9b,8388608,436.224,391.168,596,5.961e-07
0,dot,sequential_addressing,47a65d8,8388608,413.696,373.760,632,5.365e-07
0,dot,two_per_thread,7099f40,8388608,312.320,272.384,878,4.172e-07
0,dot,warp_shuffle,98cc847,8388608,311.296,271.360,884,3.576e-07
0,dot,cublas,cublas,16777216,622.592,543.744,390,0.000e+00
0,dot,atomic,4da826e,16777216,27467.775,27448.320,20,2.248e-02
0,dot,block_reduction,3affd9b,16777216,944.128,777.216,312,2.146e-06
0,dot,sequential_addressing,47a65d8,16777216,896.000,741.376,316,2.086e-06
0,dot,two_per_thread,7099f40,16777216,620.544,540.672,395,1.371e-06
0,dot,warp_shuffle,98cc847,16777216,618.496,539.648,393,1.431e-06
0,dot,cublas,cublas,33554432,1236.992,1078.272,201,0.000e+00
0,dot,atomic,4da826e,33554432,54921.215,54903.809,20,7.266e-02
0,dot,block_reduction,3affd9b,33554432,1982.464,1548.288,159,2.206e-06
0,dot,sequential_addressing,47a65d8,33554432,1905.664,1476.608,166,2.325e-06
0,dot,two_per_thread,7099f40,33554432,1233.920,1074.176,202,2.086e-06
0,dot,warp_shuffle,98cc847,33554432,1230.848,1073.152,202,2.146e-06
0,dot,cublas,cublas,67108864,2462.720,2147.328,101,0.000e+00
0,dot,atomic,4da826e,67108864,110770.687,109772.797,20,2.184e-01
0,dot,block_reduction,3affd9b,67108864,4184.064,3090.432,79,3.814e-06
0,dot,sequential_addressing,47a65d8,67108864,3981.312,2946.048,83,3.814e-06
0,dot,two_per_thread,7099f40,67108864,2464.768,2144.256,101,3.695e-06
0,dot,warp_shuffle,98cc847,67108864,2455.552,2143.232,101,3.933e-06
0,gemv,cublas,cublas,256,6.144,5.120,2000,0.000e+00
0,gemv,eight_block_baseline,051d7c3,256,26.624,24.576,2000,2.258e-07
0,gemv,row_column_split,15e6bc6,256,6.144,5.120,2000,7.177e-08
0,gemv,cublas,cublas,512,9.216,8.192,2000,0.000e+00
0,gemv,eight_block_baseline,051d7c3,512,90.112,88.064,2000,3.096e-07
0,gemv,row_column_split,15e6bc6,512,9.216,8.192,2000,7.521e-08
0,gemv,cublas,cublas,1024,22.528,21.504,2000,0.000e+00
0,gemv,eight_block_baseline,051d7c3,1024,174.080,171.008,2000,4.222e-07
0,gemv,row_column_split,15e6bc6,1024,21.504,21.504,2000,9.949e-08
0,gemv,cublas,cublas,1536,47.104,45.056,2000,0.000e+00
0,gemv,eight_block_baseline,051d7c3,1536,259.072,252.928,1954,5.962e-07
0,gemv,row_column_split,15e6bc6,1536,43.008,41.984,2000,1.219e-07
0,gemv,cublas,cublas,2048,72.704,71.680,2000,0.000e+00
0,gemv,eight_block_baseline,051d7c3,2048,351.232,345.088,1326,6.468e-07
0,gemv,row_column_split,15e6bc6,2048,73.664,71.680,2000,1.775e-07
0,gemv,cublas,cublas,3072,157.696,155.648,1403,0.000e+00
0,gemv,eight_block_baseline,051d7c3,3072,543.744,523.264,450,8.441e-07
0,gemv,row_column_split,15e6bc6,3072,158.720,155.744,1683,1.341e-07
0,gemv,cublas,cublas,4096,312.320,274.432,811,0.000e+00
0,gemv,eight_block_baseline,051d7c3,4096,729.600,706.560,312,8.527e-07
0,gemv,row_column_split,15e6bc6,4096,312.224,272.384,897,9.688e-08
0,gemv,cublas,cublas,6144,710.656,707.584,345,0.000e+00
0,gemv,eight_block_baseline,051d7c3,6144,1141.712,1132.544,218,1.160e-06
0,gemv,row_column_split,15e6bc6,6144,697.312,695.296,357,1.224e-07
0,gemv,cublas,cublas,8192,1241.088,1235.968,194,0.000e+00
0,gemv,eight_block_baseline,051d7c3,8192,1575.424,1545.216,160,1.255e-06
0,gemv,row_column_split,15e6bc6,8192,1233.920,1231.872,201,3.242e-07
0,gemm,cublas,cublas,128,8.192,8.192,1000,0.000e+00
0,gemm,naive,15e6bc6,128,16.384,14.336,1000,1.740e-07
0,gemm,shared_tiles,89b175b,128,10.240,9.216,1000,1.740e-07
0,gemm,register_4x4,a44068e,128,16.384,14.336,1000,1.740e-07
0,gemm,register_8x8,6d1f43a,128,33.792,31.744,1000,1.740e-07
0,gemm,double_buffer,c11b4fd,128,30.720,28.672,1000,1.740e-07
0,gemm,double_buffer_worktree,worktree,128,30.720,28.672,1000,1.740e-07
0,gemm,cublas,cublas,256,15.360,13.312,1000,0.000e+00
0,gemm,naive,15e6bc6,256,57.344,53.248,1000,2.364e-07
0,gemm,shared_tiles,89b175b,256,44.032,40.960,1000,2.364e-07
0,gemm,register_4x4,a44068e,256,27.648,25.600,1000,2.364e-07
0,gemm,register_8x8,6d1f43a,256,61.440,57.344,1000,2.364e-07
0,gemm,double_buffer,c11b4fd,256,55.296,51.200,1000,2.364e-07
0,gemm,double_buffer_worktree,worktree,256,55.296,51.200,1000,2.364e-07
0,gemm,cublas,cublas,512,55.296,49.152,1000,0.000e+00
0,gemm,naive,15e6bc6,512,403.456,356.352,634,3.288e-07
0,gemm,shared_tiles,89b175b,512,310.272,270.336,819,3.288e-07
0,gemm,register_4x4,a44068e,512,111.616,100.352,1000,3.288e-07
0,gemm,register_8x8,6d1f43a,512,119.808,107.520,1000,3.288e-07
0,gemm,double_buffer,c11b4fd,512,106.496,94.208,1000,3.288e-07
0,gemm,double_buffer_worktree,worktree,512,106.496,94.208,1000,3.288e-07
0,gemm,cublas,cublas,1024,353.280,313.344,765,0.000e+00
0,gemm,naive,15e6bc6,1024,3069.440,2753.536,90,4.383e-07
0,gemm,shared_tiles,89b175b,1024,2323.456,2100.224,118,4.383e-07
0,gemm,register_4x4,a44068e,1024,711.680,644.096,393,4.383e-07
0,gemm,register_8x8,6d1f43a,1024,673.792,612.352,424,4.383e-07
0,gemm,double_buffer,c11b4fd,1024,592.896,532.480,465,4.383e-07
0,gemm,double_buffer_worktree,worktree,1024,593.408,532.480,468,4.383e-07
0,gemm,cublas,cublas,1536,1155.584,1047.552,248,0.000e+00
0,gemm,naive,15e6bc6,1536,10491.392,10114.048,26,5.987e-07
0,gemm,shared_tiles,89b175b,1536,7836.672,7590.912,30,5.987e-07
0,gemm,register_4x4,a44068e,1536,2399.232,2285.568,106,5.987e-07
0,gemm,register_8x8,6d1f43a,1536,2111.488,1989.632,124,5.987e-07
0,gemm,double_buffer,c11b4fd,1536,1866.752,1724.416,141,5.987e-07
0,gemm,double_buffer_worktree,worktree,1536,1856.512,1723.392,141,5.987e-07
0,gemm,cublas,cublas,2048,2693.120,2481.152,109,0.000e+00
0,gemm,naive,15e6bc6,2048,24629.248,23844.864,20,0.000e+00
0,gemm,shared_tiles,89b175b,2048,19600.385,19126.272,20,0.000e+00
0,gemm,register_4x4,a44068e,2048,5649.408,5329.920,48,0.000e+00
0,gemm,register_8x8,6d1f43a,2048,5017.600,4776.960,54,0.000e+00
0,gemm,double_buffer,c11b4fd,2048,4428.288,4217.856,58,0.000e+00
0,gemm,double_buffer_worktree,worktree,2048,4426.752,4215.808,59,0.000e+00
0,gemm,cublas,cublas,3072,9306.112,8897.536,33,0.000e+00
0,gemm,naive,15e6bc6,3072,102097.919,100334.595,20,0.000e+00
0,gemm,shared_tiles,89b175b,3072,74110.462,73414.658,20,0.000e+00
0,gemm,register_4x4,a44068e,3072,21580.288,21395.456,20,0.000e+00
0,gemm,register_8x8,6d1f43a,3072,19591.681,19172.352,20,0.000e+00
0,gemm,double_buffer,c11b4fd,3072,16039.424,15389.696,20,0.000e+00
0,gemm,double_buffer_worktree,worktree,3072,15622.656,15079.424,20,0.000e+00
0,gemm,cublas,cublas,4096,22188.544,21762.049,20,0.000e+00
0,gemm,naive,15e6bc6,4096,262731.781,260093.964,20,0.000e+00
0,gemm,shared_tiles,89b175b,4096,175234.558,174379.013,20,0.000e+00
0,gemm,register_4x4,a44068e,4096,52177.919,51331.074,20,0.000e+00
0,gemm,register_8x8,6d1f43a,4096,49209.856,48207.870,20,0.000e+00
0,gemm,double_buffer,c11b4fd,4096,34807.297,34238.464,20,0.000e+00
0,gemm,double_buffer_worktree,worktree,4096,37473.791,36718.594,20,0.000e+00
1,dot,cublas,cublas,4096,8.192,6.144,2000,0.000e+00
1,dot,atomic,4da826e,4096,11.264,10.240,2000,0.000e+00
1,dot,block_reduction,3affd9b,4096,5.120,5.120,2000,2.414e-07
1,dot,sequential_addressing,47a65d8,4096,5.120,5.120,2000,1.207e-07
1,dot,two_per_thread,7099f40,4096,6.144,5.120,2000,6.035e-08
1,dot,warp_shuffle,98cc847,4096,5.120,5.120,2000,0.000e+00
1,dot,cublas,cublas,8192,8.192,7.168,2000,0.000e+00
1,dot,atomic,4da826e,8192,19.456,17.408,2000,2.407e-07
1,dot,block_reduction,3affd9b,8192,6.144,5.120,2000,1.203e-07
1,dot,sequential_addressing,47a65d8,8192,6.144,5.120,2000,1.805e-07
1,dot,two_per_thread,7099f40,8192,6.144,5.120,2000,6.017e-08
1,dot,warp_shuffle,98cc847,8192,5.120,5.120,2000,6.017e-08
1,dot,cublas,cublas,16384,8.192,7.168,2000,0.000e+00
1,dot,atomic,4da826e,16384,32.768,30.720,2000,1.210e-07
1,dot,block_reduction,3affd9b,16384,6.144,5.120,2000,0.000e+00
1,dot,sequential_addressing,47a65d8,16384,6.144,5.120,2000,6.052e-08
1,dot,two_per_thread,7099f40,16384,6.144,5.120,2000,1.210e-07
1,dot,warp_shuffle,98cc847,16384,6.144,5.120,2000,1.210e-07
1,dot,cublas,cublas,32768,9.216,8.192,2000,0.000e+00
1,dot,atomic,4da826e,32768,60.416,58.368,2000,3.011e-07
1,dot,block_reduction,3affd9b,32768,7.168,6.144,2000,1.204e-07
1,dot,sequential_addressing,47a65d8,32768,7.168,6.144,2000,1.806e-07
1,dot,two_per_thread,7099f40,32768,6.176,6.144,2000,6.021e-08
1,dot,warp_shuffle,98cc847,32768,6.144,5.120,2000,0.000e+00
1,dot,cublas,cublas,65536,10.240,9.216,2000,0.000e+00
1,dot,atomic,4da826e,65536,117.760,112.640,1892,2.392e-06
1,dot,block_reduction,3affd9b,65536,8.192,8.192,2000,2.392e-07
1,dot,sequential_addressing,47a65d8,65536,8.192,7.168,2000,0.000e+00
1,dot,two_per_thread,7099f40,65536,8.192,7.168,2000,2.392e-07
1,dot,warp_shuffle,98cc847,65536,7.168,6.144,2000,1.196e-07
1,dot,cublas,cublas,131072,12.288,11.264,2000,0.000e+00
1,dot,atomic,4da826e,131072,223.232,219.136,1004,6.159e-06
1,dot,block_reduction,3affd9b,131072,11.328,10.240,2000,5.382e-07
1,dot,sequential_addressing,47a65d8,131072,11.264,10.240,2000,7.175e-07
1,dot,two_per_thread,7099f40,131072,10.240,9.216,2000,1.794e-07
1,dot,warp_shuffle,98cc847,131072,9.216,8.192,2000,1.196e-07
1,dot,cublas,cublas,262144,17.408,15.360,2000,0.000e+00
1,dot,atomic,4da826e,262144,438.272,434.176,518,1.133e-05
1,dot,block_reduction,3affd9b,262144,19.456,16.384,2000,6.561e-07
1,dot,sequential_addressing,47a65d8,262144,18.432,16.384,2000,5.965e-07
1,dot,two_per_thread,7099f40,262144,14.336,13.312,2000,2.386e-07
1,dot,warp_shuffle,98cc847,262144,13.312,12.288,2000,2.386e-07
1,dot,cublas,cublas,524288,25.600,23.552,2000,0.000e+00
1,dot,atomic,4da826e,524288,866.304,861.184,266,4.727e-05
1,dot,block_reduction,3affd9b,524288,32.768,28.672,2000,8.357e-07
1,dot,sequential_addressing,47a65d8,524288,30.736,27.648,2000,8.357e-07
1,dot,two_per_thread,7099f40,524288,24.576,22.528,2000,1.791e-07
1,dot,warp_shuffle,98cc847,524288,23.552,21.504,2000,1.791e-07
1,dot,cublas,cublas,1048576,43.008,39.936,2000,0.000e+00
1,dot,atomic,4da826e,1048576,1723.392,1718.272,125,1.598e-04
1,dot,block_reduction,3affd9b,1048576,56.320,53.248,2000,8.359e-07
1,dot,sequential_addressing,47a65d8,1048576,54.272,50.176,2000,9.553e-07
1,dot,two_per_thread,7099f40,1048576,40.960,38.912,2000,1.194e-06
1,dot,warp_shuffle,98cc847,1048576,38.912,37.888,2000,1.194e-06
1,dot,cublas,cublas,2097152,83.968,73.728,2000,0.000e+00
1,dot,atomic,4da826e,2097152,3439.616,3435.520,72,5.062e-04
1,dot,block_reduction,3affd9b,2097152,104.448,101.376,2000,7.155e-07
1,dot,sequential_addressing,47a65d8,2097152,100.352,96.256,2000,7.752e-07
1,dot,two_per_thread,7099f40,2097152,81.920,71.680,2000,6.559e-07
1,dot,warp_shuffle,98cc847,2097152,80.896,70.656,2000,5.963e-07
1,dot,cublas,cublas,4194304,145.408,141.312,2000,0.000e+00
1,dot,atomic,4da826e,4194304,6872.064,6864.896,36,1.890e-03
1,dot,block_reduction,3affd9b,4194304,202.752,197.632,1278,5.960e-07
1,dot,sequential_addressing,47a65d8,4194304,193.536,188.416,1334,7.152e-07
1,dot,two_per_thread,7099f40,4194304,156.672,139.264,2000,1.430e-06
1,dot,warp_shuffle,98cc847,4194304,140.288,138.240,2000,1.430e-06
1,dot,cublas,cublas,8388608,315.392,274.432,862,0.000e+00
1,dot,atomic,4da826e,8388608,13733.376,13719.552,20,6.615e-03
1,dot,block_reduction,3affd9b,8388608,442.368,391.168,598,5.961e-07
1,dot,sequential_addressing,47a65d8,8388608,419.840,372.736,651,5.365e-07
1,dot,two_per_thread,7099f40,8388608,312.320,272.384,897,2.384e-07
1,dot,warp_shuffle,98cc847,8388608,311.296,271.360,875,4.172e-07
1,dot,cublas,cublas,16777216,623.616,542.720,397,0.000e+00
1,dot,atomic,4da826e,16777216,27472.897,27466.751,20,2.248e-02
1,dot,block_reduction,3affd9b,16777216,945.152,777.216,316,2.086e-06
1,dot,sequential_addressing,47a65d8,16777216,901.120,741.376,329,2.146e-06
1,dot,two_per_thread,7099f40,16777216,620.544,540.672,400,1.431e-06
1,dot,warp_shuffle,98cc847,16777216,618.496,539.648,400,1.490e-06
1,dot,cublas,cublas,33554432,1236.992,1077.248,200,0.000e+00
1,dot,atomic,4da826e,33554432,54924.288,54908.928,20,7.266e-02
1,dot,block_reduction,3affd9b,33554432,1999.872,1548.288,157,2.265e-06
1,dot,sequential_addressing,47a65d8,33554432,1904.640,1475.584,165,2.086e-06
1,dot,two_per_thread,7099f40,33554432,1233.920,1074.176,202,2.206e-06
1,dot,warp_shuffle,98cc847,33554432,1230.848,1074.176,202,2.086e-06
1,dot,cublas,cublas,67108864,2463.744,2148.352,100,0.000e+00
1,dot,atomic,4da826e,67108864,112630.272,109804.543,20,2.184e-01
1,dot,block_reduction,3affd9b,67108864,4068.352,3090.432,79,4.053e-06
1,dot,sequential_addressing,47a65d8,67108864,3878.912,2946.048,83,4.053e-06
1,dot,two_per_thread,7099f40,67108864,2464.768,2144.256,101,3.814e-06
1,dot,warp_shuffle,98cc847,67108864,2455.552,2142.208,101,3.933e-06
1,gemv,cublas,cublas,256,6.144,5.120,2000,0.000e+00
1,gemv,eight_block_baseline,051d7c3,256,26.624,24.576,2000,2.258e-07
1,gemv,row_column_split,15e6bc6,256,6.144,5.120,2000,7.177e-08
1,gemv,cublas,cublas,512,9.216,8.192,2000,0.000e+00
1,gemv,eight_block_baseline,051d7c3,512,92.160,88.064,2000,3.096e-07
1,gemv,row_column_split,15e6bc6,512,9.216,8.192,2000,7.521e-08
1,gemv,cublas,cublas,1024,22.528,21.504,2000,0.000e+00
1,gemv,eight_block_baseline,051d7c3,1024,177.152,172.032,2000,4.222e-07
1,gemv,row_column_split,15e6bc6,1024,21.504,20.480,2000,9.949e-08
1,gemv,cublas,cublas,1536,47.104,45.056,2000,0.000e+00
1,gemv,eight_block_baseline,051d7c3,1536,262.144,257.024,1808,5.962e-07
1,gemv,row_column_split,15e6bc6,1536,43.008,41.984,2000,1.219e-07
1,gemv,cublas,cublas,2048,72.704,71.680,2000,0.000e+00
1,gemv,eight_block_baseline,051d7c3,2048,353.280,340.992,1258,6.468e-07
1,gemv,row_column_split,15e6bc6,2048,73.728,71.680,2000,1.775e-07
1,gemv,cublas,cublas,3072,157.696,155.648,1419,0.000e+00
1,gemv,eight_block_baseline,051d7c3,3072,541.696,536.576,432,8.441e-07
1,gemv,row_column_split,15e6bc6,3072,158.720,155.648,1683,1.341e-07
1,gemv,cublas,cublas,4096,312.320,273.408,847,0.000e+00
1,gemv,eight_block_baseline,051d7c3,4096,710.656,705.536,333,8.527e-07
1,gemv,row_column_split,15e6bc6,4096,312.320,272.384,907,9.688e-08
1,gemv,cublas,cublas,6144,710.656,708.608,347,0.000e+00
1,gemv,eight_block_baseline,051d7c3,6144,1143.808,1134.592,219,1.160e-06
1,gemv,row_column_split,15e6bc6,6144,697.344,695.296,357,1.224e-07
1,gemv,cublas,cublas,8192,1242.112,1234.944,197,0.000e+00
1,gemv,eight_block_baseline,051d7c3,8192,1580.032,1560.576,160,1.255e-06
1,gemv,row_column_split,15e6bc6,8192,1233.920,1231.872,202,3.242e-07
1,gemm,cublas,cublas,128,9.216,8.160,1000,0.000e+00
1,gemm,naive,15e6bc6,128,16.384,14.336,1000,1.740e-07
1,gemm,shared_tiles,89b175b,128,10.240,9.216,1000,1.740e-07
1,gemm,register_4x4,a44068e,128,16.384,14.336,1000,1.740e-07
1,gemm,register_8x8,6d1f43a,128,33.792,31.744,1000,1.740e-07
1,gemm,double_buffer,c11b4fd,128,30.720,28.608,1000,1.740e-07
1,gemm,double_buffer_worktree,worktree,128,30.720,28.672,1000,1.740e-07
1,gemm,cublas,cublas,256,15.360,13.312,1000,0.000e+00
1,gemm,naive,15e6bc6,256,57.344,53.248,1000,2.364e-07
1,gemm,shared_tiles,89b175b,256,45.024,40.960,1000,2.364e-07
1,gemm,register_4x4,a44068e,256,27.648,25.600,1000,2.364e-07
1,gemm,register_8x8,6d1f43a,256,62.464,57.344,1000,2.364e-07
1,gemm,double_buffer,c11b4fd,256,55.296,51.200,1000,2.364e-07
1,gemm,double_buffer_worktree,worktree,256,55.296,50.208,1000,2.364e-07
1,gemm,cublas,cublas,512,51.200,49.152,1000,0.000e+00
1,gemm,naive,15e6bc6,512,361.472,355.328,644,3.288e-07
1,gemm,shared_tiles,89b175b,512,296.960,270.336,841,3.288e-07
1,gemm,register_4x4,a44068e,512,103.424,100.352,1000,3.288e-07
1,gemm,register_8x8,6d1f43a,512,110.592,106.560,1000,3.288e-07
1,gemm,double_buffer,c11b4fd,512,95.232,94.144,1000,3.288e-07
1,gemm,double_buffer_worktree,worktree,512,95.232,94.176,1000,3.288e-07
1,gemm,cublas,cublas,1024,357.376,308.224,782,0.000e+00
1,gemm,naive,15e6bc6,1024,3094.528,2796.544,90,4.383e-07
1,gemm,shared_tiles,89b175b,1024,2360.320,2151.424,118,4.383e-07
1,gemm,register_4x4,a44068e,1024,722.944,660.480,393,4.383e-07
1,gemm,register_8x8,6d1f43a,1024,684.032,627.712,426,4.383e-07
1,gemm,double_buffer,c11b4fd,1024,599.040,545.664,464,4.383e-07
1,gemm,double_buffer_worktree,worktree,1024,600.064,545.792,465,4.383e-07
1,gemm,cublas,cublas,1536,1161.216,1058.816,233,0.000e+00
1,gemm,naive,15e6bc6,1536,10609.664,10210.304,24,5.987e-07
1,gemm,shared_tiles,89b175b,1536,8029.184,7710.720,30,5.987e-07
1,gemm,register_4x4,a44068e,1536,2420.736,2324.480,106,5.987e-07
1,gemm,register_8x8,6d1f43a,1536,2134.016,2030.592,129,5.987e-07
1,gemm,double_buffer,c11b4fd,1536,1872.384,1734.656,142,5.987e-07
1,gemm,double_buffer_worktree,worktree,1536,1871.360,1747.968,142,5.987e-07
1,gemm,cublas,cublas,2048,2695.168,2497.536,109,0.000e+00
1,gemm,naive,15e6bc6,2048,24660.992,24205.313,20,0.000e+00
1,gemm,shared_tiles,89b175b,2048,19825.151,19379.200,20,0.000e+00
1,gemm,register_4x4,a44068e,2048,5658.624,5422.080,46,0.000e+00
1,gemm,register_8x8,6d1f43a,2048,5045.248,4845.568,52,0.000e+00
1,gemm,double_buffer,c11b4fd,2048,4461.568,4249.600,57,0.000e+00
1,gemm,double_buffer_worktree,worktree,2048,4463.616,4246.528,57,0.000e+00
1,gemm,cublas,cublas,3072,9366.528,8898.560,32,0.000e+00
1,gemm,naive,15e6bc6,3072,102172.161,100605.949,20,0.000e+00
1,gemm,shared_tiles,89b175b,3072,74336.769,73502.724,20,0.000e+00
1,gemm,register_4x4,a44068e,3072,21606.400,21386.240,20,0.000e+00
1,gemm,register_8x8,6d1f43a,3072,19595.264,19046.400,20,0.000e+00
1,gemm,double_buffer,c11b4fd,3072,16049.152,15621.120,20,0.000e+00
1,gemm,double_buffer_worktree,worktree,3072,15725.568,15222.784,20,0.000e+00
1,gemm,cublas,cublas,4096,22408.192,22119.425,20,0.000e+00
1,gemm,naive,15e6bc6,4096,263835.648,258741.241,20,0.000e+00
1,gemm,shared_tiles,89b175b,4096,176221.184,174883.835,20,0.000e+00
1,gemm,register_4x4,a44068e,4096,52492.289,51480.576,20,0.000e+00
1,gemm,register_8x8,6d1f43a,4096,49315.327,48838.657,20,0.000e+00
1,gemm,double_buffer,c11b4fd,4096,35068.930,34709.503,20,0.000e+00
1,gemm,double_buffer_worktree,worktree,4096,37688.831,37155.842,20,0.000e+00
2,dot,cublas,cublas,4096,8.192,6.144,2000,0.000e+00
2,dot,atomic,4da826e,4096,11.296,10.240,2000,1.207e-07
2,dot,block_reduction,3affd9b,4096,5.120,5.120,2000,1.207e-07
2,dot,sequential_addressing,47a65d8,4096,5.120,5.120,2000,1.207e-07
2,dot,two_per_thread,7099f40,4096,6.144,5.120,2000,6.035e-08
2,dot,warp_shuffle,98cc847,4096,5.120,5.120,2000,0.000e+00
2,dot,cublas,cublas,8192,8.192,7.168,2000,0.000e+00
2,dot,atomic,4da826e,8192,19.456,18.432,2000,0.000e+00
2,dot,block_reduction,3affd9b,8192,6.144,5.120,2000,1.805e-07
2,dot,sequential_addressing,47a65d8,8192,6.144,5.120,2000,1.805e-07
2,dot,two_per_thread,7099f40,8192,6.144,5.120,2000,6.017e-08
2,dot,warp_shuffle,98cc847,8192,5.120,5.120,2000,6.017e-08
2,dot,cublas,cublas,16384,8.192,7.168,2000,0.000e+00
2,dot,atomic,4da826e,16384,33.792,31.744,2000,5.447e-07
2,dot,block_reduction,3affd9b,16384,6.144,5.120,2000,0.000e+00
2,dot,sequential_addressing,47a65d8,16384,6.144,5.120,2000,6.052e-08
2,dot,two_per_thread,7099f40,16384,6.144,5.120,2000,1.816e-07
2,dot,warp_shuffle,98cc847,16384,5.152,5.120,2000,1.210e-07
2,dot,cublas,cublas,32768,9.216,8.192,2000,0.000e+00
2,dot,atomic,4da826e,32768,63.488,61.440,2000,4.817e-07
2,dot,block_reduction,3affd9b,32768,7.168,6.144,2000,3.011e-07
2,dot,sequential_addressing,47a65d8,32768,7.168,6.144,2000,1.204e-07
2,dot,two_per_thread,7099f40,32768,6.176,6.144,2000,1.204e-07
2,dot,warp_shuffle,98cc847,32768,6.144,5.120,2000,6.021e-08
2,dot,cublas,cublas,65536,10.240,9.216,2000,0.000e+00
2,dot,atomic,4da826e,65536,121.856,115.712,2000,3.827e-06
2,dot,block_reduction,3affd9b,65536,8.192,8.192,2000,1.196e-07
2,dot,sequential_addressing,47a65d8,65536,8.192,7.168,2000,2.392e-07
2,dot,two_per_thread,7099f40,65536,8.192,7.168,2000,5.980e-08
2,dot,warp_shuffle,98cc847,65536,7.168,6.144,2000,5.980e-08
2,dot,cublas,cublas,131072,12.288,11.264,2000,0.000e+00
2,dot,atomic,4da826e,131072,223.232,220.160,1008,7.235e-06
2,dot,block_reduction,3affd9b,131072,12.288,11.264,2000,6.577e-07
2,dot,sequential_addressing,47a65d8,131072,11.264,10.240,2000,5.382e-07
2,dot,two_per_thread,7099f40,131072,10.240,9.216,2000,2.392e-07
2,dot,warp_shuffle,98cc847,131072,9.216,8.192,2000,1.794e-07
2,dot,cublas,cublas,262144,17.408,15.360,2000,0.000e+00
2,dot,atomic,4da826e,262144,438.272,434.176,515,1.002e-05
2,dot,block_reduction,3affd9b,262144,19.456,16.384,2000,5.965e-07
2,dot,sequential_addressing,47a65d8,262144,18.432,16.384,2000,5.368e-07
2,dot,two_per_thread,7099f40,262144,14.336,13.312,2000,2.386e-07
2,dot,warp_shuffle,98cc847,262144,13.312,12.288,2000,1.193e-07
2,dot,cublas,cublas,524288,25.600,23.552,2000,0.000e+00
2,dot,atomic,4da826e,524288,867.328,862.208,257,4.984e-05
2,dot,block_reduction,3affd9b,524288,32.768,28.672,2000,7.760e-07
2,dot,sequential_addressing,47a65d8,524288,31.744,27.648,2000,7.760e-07
2,dot,two_per_thread,7099f40,524288,24.576,21.600,2000,1.791e-07
2,dot,warp_shuffle,98cc847,524288,23.552,21.504,2000,2.984e-07
2,dot,cublas,cublas,1048576,43.008,39.936,2000,0.000e+00
2,dot,atomic,4da826e,1048576,1724.416,1719.296,124,1.598e-04
2,dot,block_reduction,3affd9b,1048576,55.296,53.248,2000,8.956e-07
2,dot,sequential_addressing,47a65d8,1048576,52.224,51.200,2000,8.359e-07
2,dot,two_per_thread,7099f40,1048576,40.960,38.912,2000,1.194e-06
2,dot,warp_shuffle,98cc847,1048576,39.936,37.888,2000,1.254e-06
2,dot,cublas,cublas,2097152,83.968,73.728,2000,0.000e+00
2,dot,atomic,4da826e,2097152,3441.152,3436.544,64,5.072e-04
2,dot,block_reduction,3affd9b,2097152,105.472,101.376,2000,7.155e-07
2,dot,sequential_addressing,47a65d8,2097152,101.376,96.256,2000,9.540e-07
2,dot,two_per_thread,7099f40,2097152,81.920,71.680,2000,5.963e-07
2,dot,warp_shuffle,98cc847,2097152,80.896,70.656,2000,6.559e-07
2,dot,cublas,cublas,4194304,161.792,141.312,2000,0.000e+00
2,dot,atomic,4da826e,4194304,6875.136,6870.016,36,1.889e-03
2,dot,block_reduction,3affd9b,4194304,205.824,198.656,1291,8.344e-07
2,dot,sequential_addressing,47a65d8,4194304,196.608,189.440,1363,7.152e-07
2,dot,two_per_thread,7099f40,4194304,158.720,139.264,2000,1.550e-06
2,dot,warp_shuffle,98cc847,4194304,157.696,138.240,2000,1.430e-06
2,dot,cublas,cublas,8388608,315.392,275.456,887,0.000e+00
2,dot,atomic,4da826e,8388608,13744.640,13731.840,20,6.619e-03
2,dot,block_reduction,3affd9b,8388608,443.392,392.192,588,4.172e-07
2,dot,sequential_addressing,47a65d8,8388608,422.912,373.760,619,4.172e-07
2,dot,two_per_thread,7099f40,8388608,312.320,272.384,904,3.576e-07
2,dot,warp_shuffle,98cc847,8388608,311.296,271.360,910,3.576e-07
2,dot,cublas,cublas,16777216,623.616,542.720,398,0.000e+00
2,dot,atomic,4da826e,16777216,27482.112,27471.872,20,2.248e-02
2,dot,block_reduction,3affd9b,16777216,944.640,777.216,316,2.086e-06
2,dot,sequential_addressing,47a65d8,16777216,902.144,741.376,331,2.027e-06
2,dot,two_per_thread,7099f40,16777216,620.544,540.672,402,1.550e-06
2,dot,warp_shuffle,98cc847,16777216,618.496,539.648,403,1.490e-06
2,dot,cublas,cublas,33554432,1236.992,1077.248,201,0.000e+00
2,dot,atomic,4da826e,33554432,54941.185,54927.361,20,7.266e-02
2,dot,block_reduction,3affd9b,33554432,2037.248,1548.288,158,2.265e-06
2,dot,sequential_addressing,47a65d8,33554432,1940.992,1475.584,166,2.086e-06
2,dot,two_per_thread,7099f40,33554432,1233.920,1075.200,201,2.146e-06
2,dot,warp_shuffle,98cc847,33554432,1230.848,1074.176,201,2.027e-06
2,dot,cublas,cublas,67108864,2463.744,2148.352,101,0.000e+00
2,dot,atomic,4da826e,67108864,111032.322,109828.094,20,2.184e-01
2,dot,block_reduction,3affd9b,67108864,4144.128,3089.504,79,3.933e-06
2,dot,sequential_addressing,47a65d8,67108864,3946.496,2945.024,83,4.053e-06
2,dot,two_per_thread,7099f40,67108864,2466.816,2144.256,101,4.053e-06
2,dot,warp_shuffle,98cc847,67108864,2455.552,2143.232,101,3.695e-06
2,gemv,cublas,cublas,256,6.144,5.120,2000,0.000e+00
2,gemv,eight_block_baseline,051d7c3,256,27.648,25.600,2000,2.258e-07
2,gemv,row_column_split,15e6bc6,256,6.144,5.120,2000,7.177e-08
2,gemv,cublas,cublas,512,9.216,8.192,2000,0.000e+00
2,gemv,eight_block_baseline,051d7c3,512,92.160,88.064,2000,3.096e-07
2,gemv,row_column_split,15e6bc6,512,9.216,8.192,2000,7.521e-08
2,gemv,cublas,cublas,1024,22.528,21.504,2000,0.000e+00
2,gemv,eight_block_baseline,051d7c3,1024,178.176,172.032,2000,4.222e-07
2,gemv,row_column_split,15e6bc6,1024,21.504,21.504,2000,9.949e-08
2,gemv,cublas,cublas,1536,47.104,46.080,2000,0.000e+00
2,gemv,eight_block_baseline,051d7c3,1536,263.168,258.048,1756,5.962e-07
2,gemv,row_column_split,15e6bc6,1536,43.008,41.984,2000,1.219e-07
2,gemv,cublas,cublas,2048,73.664,71.680,2000,0.000e+00
2,gemv,eight_block_baseline,051d7c3,2048,356.352,346.112,1264,6.468e-07
2,gemv,row_column_split,15e6bc6,2048,73.728,71.680,2000,1.775e-07
2,gemv,cublas,cublas,3072,158.720,155.648,1403,0.000e+00
2,gemv,eight_block_baseline,051d7c3,3072,540.672,536.576,426,8.441e-07
2,gemv,row_column_split,15e6bc6,3072,158.720,156.672,1649,1.341e-07
2,gemv,cublas,cublas,4096,312.320,273.408,827,0.000e+00
2,gemv,eight_block_baseline,051d7c3,4096,736.256,706.560,331,8.527e-07
2,gemv,row_column_split,15e6bc6,4096,312.288,272.384,910,9.688e-08
2,gemv,cublas,cublas,6144,710.656,708.608,347,0.000e+00
2,gemv,eight_block_baseline,051d7c3,6144,1149.952,1137.664,218,1.160e-06
2,gemv,row_column_split,15e6bc6,6144,697.344,696.256,358,1.224e-07
2,gemv,cublas,cublas,8192,1241.088,1234.944,195,0.000e+00
2,gemv,eight_block_baseline,051d7c3,8192,1586.176,1560.576,159,1.255e-06
2,gemv,row_column_split,15e6bc6,8192,1233.920,1231.872,200,3.242e-07
2,gemm,cublas,cublas,128,9.216,8.192,1000,0.000e+00
2,gemm,naive,15e6bc6,128,16.384,14.336,1000,1.740e-07
2,gemm,shared_tiles,89b175b,128,11.264,9.216,1000,1.740e-07
2,gemm,register_4x4,a44068e,128,17.408,14.336,1000,1.740e-07
2,gemm,register_8x8,6d1f43a,128,34.816,31.744,1000,1.740e-07
2,gemm,double_buffer,c11b4fd,128,30.720,28.672,1000,1.740e-07
2,gemm,double_buffer_worktree,worktree,128,30.720,28.672,1000,1.740e-07
2,gemm,cublas,cublas,256,15.360,13.312,1000,0.000e+00
2,gemm,naive,15e6bc6,256,57.344,53.248,1000,2.364e-07
2,gemm,shared_tiles,89b175b,256,45.056,41.984,1000,2.364e-07
2,gemm,register_4x4,a44068e,256,27.648,25.600,1000,2.364e-07
2,gemm,register_8x8,6d1f43a,256,62.464,57.344,1000,2.364e-07
2,gemm,double_buffer,c11b4fd,256,56.320,51.200,1000,2.364e-07
2,gemm,double_buffer_worktree,worktree,256,56.320,51.200,1000,2.364e-07
2,gemm,cublas,cublas,512,55.296,49.152,1000,0.000e+00
2,gemm,naive,15e6bc6,512,401.408,355.328,614,3.288e-07
2,gemm,shared_tiles,89b175b,512,308.224,270.336,800,3.288e-07
2,gemm,register_4x4,a44068e,512,111.616,100.352,1000,3.288e-07
2,gemm,register_8x8,6d1f43a,512,119.808,107.520,1000,3.288e-07
2,gemm,double_buffer,c11b4fd,512,105.472,94.208,1000,3.288e-07
2,gemm,double_buffer_worktree,worktree,512,105.472,94.208,1000,3.288e-07
2,gemm,cublas,cublas,1024,354.304,309.248,687,0.000e+00
2,gemm,naive,15e6bc6,1024,3094.528,2753.536,90,4.383e-07
2,gemm,shared_tiles,89b175b,1024,2360.320,2184.192,117,4.383e-07
2,gemm,register_4x4,a44068e,1024,707.584,645.120,386,4.383e-07
2,gemm,register_8x8,6d1f43a,1024,667.648,611.328,415,4.383e-07
2,gemm,double_buffer,c11b4fd,1024,585.728,532.480,454,4.383e-07
2,gemm,double_buffer_worktree,worktree,1024,585.728,532.480,456,4.383e-07
2,gemm,cublas,cublas,1536,1163.264,1052.672,238,0.000e+00
2,gemm,naive,15e6bc6,1536,10592.256,10234.880,26,5.987e-07
2,gemm,shared_tiles,89b175b,1536,8049.152,7712.768,30,5.987e-07
2,gemm,register_4x4,a44068e,1536,2444.832,2321.408,106,5.987e-07
2,gemm,register_8x8,6d1f43a,1536,2140.160,2023.424,124,5.987e-07
2,gemm,double_buffer,c11b4fd,1536,1871.360,1737.728,140,5.987e-07
2,gemm,double_buffer_worktree,worktree,1536,1871.872,1737.728,140,5.987e-07
2,gemm,cublas,cublas,2048,2695.168,2502.656,107,0.000e+00
2,gemm,naive,15e6bc6,2048,24968.192,24202.240,20,0.000e+00
2,gemm,shared_tiles,89b175b,2048,19816.960,18861.055,20,0.000e+00
2,gemm,register_4x4,a44068e,2048,5732.352,5395.456,47,0.000e+00
2,gemm,register_8x8,6d1f43a,2048,5085.184,4885.504,52,0.000e+00
2,gemm,double_buffer,c11b4fd,2048,4465.664,4251.648,59,0.000e+00
2,gemm,double_buffer_worktree,worktree,2048,4466.176,4246.528,58,0.000e+00
2,gemm,cublas,cublas,3072,9323.520,9136.128,33,0.000e+00
2,gemm,naive,15e6bc6,3072,102399.490,100197.372,20,0.000e+00
2,gemm,shared_tiles,89b175b,3072,74918.400,74152.962,20,0.000e+00
2,gemm,register_4x4,a44068e,3072,21673.472,21485.567,20,0.000e+00
2,gemm,register_8x8,6d1f43a,3072,19653.120,19106.815,20,0.000e+00
2,gemm,double_buffer,c11b4fd,3072,16172.032,15616.000,20,0.000e+00
2,gemm,double_buffer_worktree,worktree,3072,15777.280,15295.488,20,0.000e+00
2,gemm,cublas,cublas,4096,22314.496,22106.112,20,0.000e+00
2,gemm,naive,15e6bc6,4096,264712.708,260740.082,20,0.000e+00
2,gemm,shared_tiles,89b175b,4096,176816.643,175886.337,20,0.000e+00
2,gemm,register_4x4,a44068e,4096,52651.007,51745.792,20,0.000e+00
2,gemm,register_8x8,6d1f43a,4096,49404.928,49069.057,20,0.000e+00
2,gemm,double_buffer,c11b4fd,4096,35193.855,34819.073,20,0.000e+00
2,gemm,double_buffer_worktree,worktree,4096,37761.536,37481.472,20,0.000e+00
